no;wages;education;age;sex;language;resp;id;age;smoke
1;10.56;15;40;Male;English;0;0;-2;0
2;11;13.2;19;Male;English;0;0;-1;0
3;NA;16;49;Male;Other;0;0;0;0
4;17.76;14;46;Male;Other;0;0;1;0
5;NA;8;71;Male;English;0;1;-2;0
6;14;16;50;Female;English;0;1;-1;0
7;NA;12;70;Female;English;0;1;0;0
8;NA;14.5;42;Female;English;0;1;1;0
9;8.2;15;31;Male;English;0;2;-2;0
10;NA;10;56;Female;English;0;2;-1;0
11;NA;12.5;71;Female;English;0;2;0;0
12;16.97;13.5;30;Female;English;0;2;1;0
13;NA;2;56;Male;English;0;3;-2;0
14;6.7;12;61;Female;English;0;3;-1;0
15;NA;12;25;Female;English;0;3;0;0
16;NA;11;36;Female;French;0;3;1;0
17;NA;11;54;Female;English;0;4;-2;0
18;NA;10;62;Female;English;0;4;-1;0
19;NA;10.5;70;Female;English;0;4;0;0
20;14;14;46;Female;Other;0;4;1;0
21;NA;8;49;Female;English;0;5;-2;0
22;NA;8;34;Male;Other;0;5;-1;0
23;NA;11;17;Male;English;0;5;0;0
24;NA;17;85;Female;English;0;5;1;0
25;19.2;18;43;Male;English;0;6;-2;0
26;7.25;11;17;Male;English;0;6;-1;0
27;NA;11;77;Female;English;0;6;0;0
28;NA;13;70;Male;English;0;6;1;0
29;16;7;46;Male;Other;0;7;-2;0
30;23;14;32;Male;English;0;7;-1;0
31;36.11;17;35;Male;English;0;7;0;0
32;NA;13;89;Male;Other;0;7;1;0
33;NA;8;68;Male;English;0;8;-2;0
34;NA;10;72;Male;English;0;8;-1;0
35;NA;11;16;Female;English;0;8;0;0
36;NA;6;58;Female;Other;0;8;1;0
37;20.16;20;39;Male;English;0;9;-2;0
38;12.61;13;32;Male;English;0;9;-1;0
39;NA;11;64;Female;English;0;9;0;0
40;NA;10;53;Female;English;0;9;1;0
41;NA;8;72;Male;English;0;10;-2;0
42;NA;19;38;Female;English;0;10;-1;0
43;13.65;19;30;Female;English;0;10;0;0
44;9;13.8;20;Female;English;0;10;1;0
45;NA;11;19;Female;English;0;11;-2;0
46;NA;11;18;Female;English;0;11;-1;0
47;18.07;13.6;48;Male;Other;0;11;0;0
48;NA;10;66;Female;English;0;11;1;0
49;NA;12;52;Female;English;0;12;-2;0
50;NA;13;39;Female;English;0;12;-1;0
51;NA;NA;24;Female;NA;0;12;0;0
52;6.35;NA;16;Male;English;0;12;1;0
53;NA;20;67;Male;English;0;13;-2;0
54;16.01;19;39;Female;English;0;13;-1;0
55;26.4;12.7;38;Male;English;0;13;0;0
56;NA;14;63;Female;English;0;13;1;0
57;20.65;19;37;Male;English;0;14;-2;0
58;NA;9;32;Male;English;0;14;-1;0
59;NA;18.8;59;Female;English;0;14;0;0
60;NA;13;70;Male;English;0;14;1;0
61;23.04;19;37;Female;English;0;15;-2;0
62;24.03;18.3;31;Male;English;0;15;-1;0
63;12;14;46;Female;English;0;15;0;0
64;25.6;13;41;Male;English;0;15;1;0
65;NA;14;28;Female;Other;0;16;-2;0
66;6.85;15.6;31;Female;English;0;16;-1;0
67;NA;16;52;Female;English;0;16;0;0
68;15;12;40;Male;English;0;16;1;0
69;NA;14;32;Female;Other;0;17;-2;0
70;NA;7;77;Male;English;0;17;-1;0
71;9.75;8;60;Male;English;0;17;0;0
72;NA;8;53;Female;English;0;17;1;0
73;6.7;11;17;Female;English;0;18;-2;0
74;NA;18;57;Male;English;0;18;-1;0
75;15;17;39;Male;English;0;18;0;0
76;NA;1;49;Female;English;0;18;1;0
77;NA;12;49;Female;English;0;19;-2;0
78;10.5;13.5;24;Male;English;0;19;-1;0
79;13.26;12;52;Female;English;0;19;0;0
80;17.75;18;34;Male;English;0;19;1;0
81;NA;8;91;Female;English;0;20;-2;0
82;14.26;12;34;Female;English;0;20;-1;0
83;18.05;15;34;Male;English;0;20;0;0
84;NA;20;58;Male;English;0;20;1;0
85;NA;12;73;Female;Other;0;21;-2;0
86;NA;12.5;40;Male;English;0;21;-1;0
87;NA;12;35;Female;English;0;21;0;0
88;18.39;9;40;Male;English;0;21;1;0
89;18.92;10.5;48;Male;English;0;22;-2;0
90;20.64;19;39;Male;English;0;22;-1;0
91;NA;10;69;Male;Other;0;22;0;0
92;15.49;14;33;Female;English;0;22;1;0
93;10.4;13;62;Female;English;0;23;-2;0
94;NA;18;70;Female;English;0;23;-1;0
95;15.39;15;28;Female;English;0;23;0;0
96;16.8;12.5;36;Male;English;0;23;1;0
97;NA;10;42;Male;English;0;24;-2;0
98;15.36;20;47;Female;English;0;24;-1;0
99;NA;12.5;19;Male;English;0;24;0;0
100;NA;10;16;Male;English;0;24;1;0
101;17.98;12;53;Female;English;0;25;-2;0
102;NA;4;69;Female;Other;0;25;-1;0
103;NA;7;77;Male;Other;0;25;0;0
104;NA;14;48;Female;English;0;25;1;0
105;6.7;14;20;Male;English;0;26;-2;0
106;5;11;17;Male;Other;0;26;-1;0
107;12;12.8;20;Male;English;0;26;0;0
108;6.66;15.5;31;Female;English;0;26;1;0
109;NA;9.3;46;Female;French;0;27;-2;0
110;14;13.5;53;Female;Other;0;27;-1;0
111;25.6;14;34;Male;English;0;27;0;0
112;18.43;17;28;Male;Other;0;27;1;0
113;11.5;12;48;Female;Other;0;28;-2;0
114;14;8;27;Male;English;0;28;-1;0
115;NA;8;84;Female;English;0;28;0;0
116;6.03;14;22;Male;Other;0;28;1;0
117;NA;18;47;Male;English;0;29;-2;0
118;NA;12.5;51;Female;English;0;29;-1;0
119;8.23;13;45;Female;English;0;29;0;0
120;NA;13;22;Female;English;0;29;1;0
121;NA;12;71;Male;English;0;30;-2;0
122;15.36;11;51;Female;French;0;30;-1;0
123;NA;13;60;Female;English;0;30;0;0
124;13.75;8.5;57;Male;English;0;30;1;0
125;NA;14;37;Female;English;0;31;-2;0
126;7.44;9;34;Male;English;0;31;-1;0
127;24.96;18;44;Female;English;0;31;0;0
128;33.18;20;54;Male;English;0;31;1;0
129;NA;13;19;Male;English;0;32;-2;0
130;NA;11;81;Female;English;0;32;-1;0
131;11.59;13.4;26;Male;English;0;32;0;0
132;NA;19;73;Male;English;0;32;1;0
133;14.09;14;33;Male;English;0;33;-2;0
134;NA;13;62;Male;English;0;33;-1;0
135;23.52;13;32;Male;English;0;33;0;0
136;15.84;12;48;Male;English;0;33;1;0
137;23.72;9.5;50;Male;English;0;34;-2;0
138;8.37;12.5;65;Female;English;0;34;-1;0
139;NA;8;32;Male;French;0;34;0;0
140;NA;9.5;47;Female;French;0;34;1;0
141;NA;12;24;Female;English;0;35;-2;0
142;10.2;12;26;Female;English;0;35;-1;0
143;7.61;14;23;Female;English;0;35;0;0
144;NA;7;57;Male;Other;0;35;1;0
145;NA;13;62;Female;Other;0;36;-2;0
146;NA;10.5;63;Male;English;0;36;-1;0
147;NA;13;37;Female;English;0;36;0;0
148;6.75;10;21;Male;English;0;36;1;0
149;25.91;14;35;Female;English;0;37;-2;0
150;NA;8;66;Female;English;0;37;-1;0
151;NA;15;35;Female;English;0;37;0;0
152;NA;14;33;Male;English;0;37;1;0
153;NA;12;19;Male;French;0;38;-2;0
154;15.94;13.2;35;Female;English;0;38;-1;0
155;6.71;13;28;Male;English;0;38;0;0
156;20.79;12;34;Female;English;0;38;1;0
157;NA;9;59;Female;English;0;39;-2;0
158;8.75;12;49;Female;English;0;39;-1;0
159;20.99;14;47;Male;English;0;39;0;0
160;NA;10;31;Male;English;0;39;1;0
161;40.32;14;42;Male;English;0;40;-2;0
162;8.2;14;19;Male;English;0;40;-1;0
163;11;13;27;Female;English;0;40;0;0
164;15;12.5;30;Male;English;0;40;1;0
165;NA;10;52;Female;English;0;41;-2;0
166;40.8;20;60;Male;English;0;41;-1;0
167;8;12;51;Female;English;0;41;0;0
168;14.5;10.5;45;Female;English;0;41;1;0
169;9;13;31;Female;English;0;42;-2;0
170;14.4;8.5;51;Male;English;0;42;-1;0
171;NA;5;79;Male;Other;0;42;0;0
172;NA;12;60;Female;Other;0;42;1;0
173;12;11;53;Female;French;0;43;-2;0
174;NA;8;55;Female;English;0;43;-1;0
175;NA;15.5;53;Female;English;0;43;0;0
176;7;14.3;18;Male;English;0;43;1;0
177;NA;6;73;Female;Other;0;44;-2;0
178;25.92;18;48;Male;English;0;44;-1;0
179;NA;13;60;Female;English;0;44;0;0
180;NA;9;69;Female;English;0;44;1;0
181;NA;12;18;Male;English;0;45;-2;0
182;25.44;11;41;Male;English;0;45;-1;0
183;10;12.1;34;Female;English;0;45;0;0
184;12.97;15.1;56;Male;English;0;45;1;0
185;7;14;19;Male;English;0;46;-2;0
186;NA;14;33;Female;English;0;46;-1;0
187;NA;11;43;Male;English;0;46;0;0
188;8.89;12;18;Female;English;0;46;1;0
189;21.57;9;41;Male;Other;0;47;-2;0
190;NA;16;74;Female;English;0;47;-1;0
191;10.4;NA;55;Female;English;0;47;0;0
192;NA;4;62;Male;Other;0;47;1;0
193;20.61;12.5;40;Male;French;0;48;-2;0
194;11.11;11;41;Male;Other;0;48;-1;0
195;NA;7;50;Female;English;0;48;0;0
196;NA;8;79;Female;English;0;48;1;0
197;NA;16;86;Male;English;0;49;-2;0
198;NA;5;83;Male;Other;0;49;-1;0
199;22.13;14;55;Male;English;0;49;0;0
200;NA;8;72;Female;English;0;49;1;0
201;13.5;17;30;Male;English;0;50;-2;0
202;13.29;NA;29;Female;NA;0;50;-1;0
203;NA;12;53;Female;English;0;50;0;0
204;NA;12;50;Female;Other;0;50;1;0
205;NA;8;64;Female;English;0;51;-2;0
206;21.56;19.1;32;Male;English;0;51;-1;0
207;NA;12.5;30;Female;English;0;51;0;0
208;6.75;10;16;Male;Other;0;51;1;0
209;NA;14.1;23;Female;English;0;52;-2;0
210;NA;8;62;Female;French;0;52;-1;0
211;9;14;68;Female;English;0;52;0;0
212;NA;14.6;35;Male;English;0;52;1;0
213;13;14.8;25;Female;Other;0;53;-2;0
214;NA;12;45;Female;English;0;53;-1;0
215;5.54;18;23;Male;English;0;53;0;0
216;6.48;11;17;Male;English;0;53;1;0
217;40.8;16.8;39;Male;English;0;54;-2;0
218;NA;17;67;Male;English;0;54;-1;0
219;13.01;10.5;39;Female;English;0;54;0;0
220;NA;11;51;Male;Other;0;54;1;0
221;19.17;17;49;Male;English;0;55;-2;0
222;NA;13;32;Male;English;0;55;-1;0
223;NA;11.5;83;Female;English;0;55;0;0
224;25.75;12.5;31;Male;English;0;55;1;0
225;30;20;39;Male;English;0;56;-2;0
226;NA;12.5;42;Male;English;0;56;-1;0
227;NA;7;60;Male;French;0;56;0;0
228;9.25;10;40;Female;English;0;56;1;0
229;5.76;10;17;Male;English;0;57;-2;0
230;3.75;11;17;Male;English;0;57;-1;0
231;40.96;10.5;54;Male;English;0;57;0;0
232;21.39;18;41;Female;English;0;57;1;0
233;NA;15;74;Female;English;0;58;-2;0
234;NA;13;67;Female;NA;0;58;-1;0
235;3.12;17.5;24;Male;Other;0;58;0;0
236;NA;11;42;Male;English;0;58;1;0
237;NA;10.5;37;Male;English;0;59;-2;0
238;14.96;16.1;28;Female;English;0;59;-1;0
239;NA;11;55;Female;English;0;59;0;0
240;12.55;13;37;Male;Other;0;59;1;0
241;6.75;15.5;21;Female;English;0;60;-2;0
242;10.56;11.8;21;Male;English;0;60;-1;0
243;10.75;12.1;18;Male;English;0;60;0;0
244;NA;10;72;Female;English;0;60;1;0
245;5.17;17.3;34;Female;English;0;61;-2;0
246;NA;17;46;Male;English;0;61;-1;0
247;NA;10;62;Female;English;0;61;0;0
248;19.15;13;50;Male;English;0;61;1;0
249;NA;11;32;Female;English;0;62;-2;0
250;35.66;20;48;Male;Other;0;62;-1;0
251;9.85;13.9;20;Male;English;0;62;0;0
252;27.8;12;34;Female;English;0;62;1;0
253;13.12;12;31;Male;English;0;63;-2;0
254;41.38;11.1;44;Male;Other;0;63;-1;0
255;31.5;15;42;Male;English;0;63;0;0
256;15;17;58;Female;English;0;63;1;0
257;14.85;13;38;Male;French;0;64;-2;0
258;19.2;14;28;Male;French;0;64;-1;0
259;7.31;11;63;Female;English;0;64;0;0
260;13.88;12;33;Female;Other;0;64;1;0
261;NA;13.5;70;Female;English;0;65;-2;0
262;NA;10;16;Female;English;0;65;-1;0
263;16;11;57;Female;English;0;65;0;0
264;7.52;11.6;19;Male;English;0;65;1;0
265;NA;0;80;Female;Other;0;66;-2;0
266;12.84;12.5;26;Female;English;0;66;-1;0
267;6.42;12.5;43;Female;English;0;66;0;0
268;17.58;12;31;Male;English;0;66;1;0
269;15.07;5;65;Male;Other;0;67;-2;0
270;NA;11;35;Female;English;0;67;-1;0
271;NA;8;64;Male;English;0;67;0;0
272;28.66;17;50;Male;English;0;67;1;0
273;6.06;12.5;20;Female;English;0;68;-2;0
274;17.68;12;34;Male;English;0;68;-1;0
275;28.78;16.3;40;Male;English;0;68;0;0
276;9.22;13;31;Female;English;0;68;1;0
277;7.6;11;27;Male;English;0;69;-2;0
278;13.29;8;53;Male;English;0;69;-1;0
279;NA;8;47;Male;English;0;69;0;0
280;7.2;14.6;19;Male;English;0;69;1;0
281;NA;11;17;Female;English;0;70;-2;0
282;NA;12;36;Male;English;0;70;-1;0
283;NA;8;70;Male;English;0;70;0;0
284;NA;15;47;Male;English;0;70;1;0
285;NA;10;64;Male;French;0;71;-2;0
286;14.03;8;39;Male;Other;0;71;-1;0
287;23.04;14;40;Male;English;0;71;0;0
288;12.3;20;40;Male;English;0;71;1;0
289;NA;13.1;41;Male;Other;0;72;-2;0
290;NA;14;52;Female;English;0;72;-1;0
291;21.5;13.6;24;Male;English;0;72;0;0
292;NA;5;84;Male;French;0;72;1;0
293;9.4;11;19;Female;English;0;73;-2;0
294;11.5;8;59;Male;English;0;73;-1;0
295;5.92;14.5;22;Female;English;0;73;0;0
296;NA;14;48;Male;English;0;73;1;0
297;NA;10.5;26;Female;English;0;74;-2;0
298;NA;13.3;46;Female;English;0;74;-1;0
299;NA;12;31;Female;English;0;74;0;0
300;NA;11;17;Female;English;0;74;1;0
301;NA;8.5;71;Female;English;0;75;-2;0
302;27.79;13.5;57;Female;English;0;75;-1;0
303;NA;NA;79;Male;Other;0;75;0;0
304;NA;8.5;61;Female;English;0;75;1;0
305;NA;8;68;Female;English;0;76;-2;0
306;17.6;16.9;39;Female;English;0;76;-1;0
307;12;6;65;Male;French;0;76;0;0
308;NA;14.5;25;Female;English;0;76;1;0
309;22.19;16;32;Male;English;0;77;-2;0
310;NA;10;70;Female;French;0;77;-1;0
311;NA;10;16;Male;English;0;77;0;0
312;9;14;20;Male;English;0;77;1;0
313;12.83;17.4;45;Female;English;0;78;-2;0
314;5.9;10;16;Male;English;0;78;-1;0
315;NA;10;20;Female;English;0;78;0;0
316;15.79;17.5;26;Male;English;0;78;1;0
317;NA;17.1;25;Female;English;0;79;-2;0
318;7.15;11;17;Male;English;0;79;-1;0
319;21.15;12;41;Male;English;0;79;0;0
320;NA;6;80;Male;French;0;79;1;0
321;NA;15;38;Male;English;0;80;-2;0
322;17.14;12.5;30;Female;French;0;80;-1;0
323;NA;12;71;Male;English;0;80;0;0
324;NA;8;70;Male;English;0;80;1;0
325;19.68;11.5;34;Male;English;0;81;-2;0
326;10;16;31;Male;English;0;81;-1;0
327;NA;6;72;Female;Other;0;81;0;0
328;7.66;16;20;Female;English;0;81;1;0
329;NA;6;62;Male;Other;0;82;-2;0
330;NA;10;67;Male;English;0;82;-1;0
331;NA;8;71;Female;English;0;82;0;0
332;7;8;35;Female;English;0;82;1;0
333;14.23;9;55;Male;French;0;83;-2;0
334;6.5;16.3;20;Female;English;0;83;-1;0
335;NA;13;48;Female;English;0;83;0;0
336;10.25;11.5;36;Female;English;0;83;1;0
337;NA;13;49;Female;English;0;84;-2;0
338;10.5;14;25;Male;French;0;84;-1;0
339;8.92;19.1;25;Male;English;0;84;0;0
340;NA;NA;56;Male;Other;0;84;1;0
341;26.88;13;37;Male;English;0;85;-2;0
342;19.07;13;44;Male;English;0;85;-1;0
343;NA;6;79;Male;English;0;85;0;0
344;12;14.1;36;Female;English;0;85;1;0
345;NA;13;86;Male;English;0;86;-2;0
346;8.5;14;24;Female;English;0;86;-1;0
347;NA;10;69;Male;English;0;86;0;0
348;19.67;12;36;Female;Other;0;86;1;0
349;NA;18.1;62;Male;English;0;87;-2;0
350;NA;8;84;Male;English;0;87;-1;0
351;NA;12;50;Female;French;0;87;0;0
352;NA;13;28;Female;English;0;87;1;0
353;NA;12;26;Female;English;0;88;-2;0
354;23.04;20;38;Male;English;0;88;-1;0
355;NA;10;48;Female;English;0;88;0;0
356;15.92;20;34;Female;English;0;88;1;0
357;NA;18;59;Male;English;0;89;-2;0
358;8.83;10;64;Female;English;0;89;-1;0
359;16.46;18;25;Female;English;0;89;0;0
360;NA;8;66;Female;French;0;89;1;0
361;18.24;10;56;Male;English;0;90;-2;0
362;NA;12.5;42;Female;English;0;90;-1;0
363;12;14;37;Female;English;0;90;0;0
364;28.8;10.1;58;Male;English;0;90;1;0
365;NA;12;72;Male;English;0;91;-2;0
366;34.78;18.5;46;Male;English;0;91;-1;0
367;12.8;12.5;27;Female;English;0;91;0;0
368;7.5;18.8;43;Female;English;0;91;1;0
369;18.19;10;57;Female;English;0;92;-2;0
370;21.55;12;34;Male;English;0;92;-1;0
371;7;16;52;Female;French;0;92;0;0
372;11.3;12;43;Female;English;0;92;1;0
373;9.58;18;38;Male;English;0;93;-2;0
374;NA;12.5;36;Female;Other;0;93;-1;0
375;NA;10;70;Female;English;0;93;0;0
376;NA;8;67;Male;French;0;93;1;0
377;15.43;17.8;38;Female;English;0;94;-2;0
378;NA;12;68;Female;English;0;94;-1;0
379;NA;12;80;Female;English;0;94;0;0
380;NA;9.5;70;Female;English;0;94;1;0
381;12.58;0;38;Female;English;0;95;-2;0
382;NA;12;84;Female;English;0;95;-1;0
383;16.22;15;46;Female;English;0;95;0;0
384;NA;5;72;Female;English;0;95;1;0
385;13.65;14.5;29;Female;English;0;96;-2;0
386;NA;13;29;Female;English;0;96;-1;0
387;NA;9;68;Male;English;0;96;0;0
388;16.8;17;30;Female;English;0;96;1;0
389;8.5;13;31;Female;English;0;97;-2;0
390;NA;10.5;56;Female;English;0;97;-1;0
391;20.29;20;39;Female;English;0;97;0;0
392;NA;16;24;Female;French;0;97;1;0
393;NA;12;60;Male;English;0;98;-2;0
394;27.9;15;53;Male;English;0;98;-1;0
395;7;12;30;Male;English;0;98;0;0
396;7.25;14.5;25;Female;English;0;98;1;0
397;14.75;16;49;Female;English;0;99;-2;0
398;NA;13.5;35;Male;French;0;99;-1;0
399;17.45;17;40;Female;English;0;99;0;0
400;NA;13;66;Male;English;0;99;1;0
401;16;16.5;46;Female;English;0;100;-2;0
402;15.1;15.5;23;Female;English;0;100;-1;0
403;NA;8;62;Female;Other;0;100;0;0
404;9;10;27;Male;English;0;100;1;0
405;11.6;12.3;28;Female;English;0;101;-2;0
406;NA;14;46;Male;French;0;101;-1;0
407;16.48;12;33;Male;English;0;101;0;0
408;NA;13.5;59;Male;English;0;101;1;0
409;NA;14;43;Female;English;0;102;-2;0
410;NA;9;66;Male;English;0;102;-1;0
411;26.88;17;52;Male;English;0;102;0;0
412;9.65;14;40;Female;English;0;102;1;0
413;NA;11;67;Female;English;0;103;-2;0
414;23.35;20;44;Male;English;0;103;-1;0
415;10.59;12.5;29;Female;English;0;103;0;0
416;NA;12.5;74;Female;English;0;103;1;0
417;7.79;12;20;Female;English;0;104;-2;0
418;15.05;19;44;Male;Other;0;104;-1;0
419;6.5;13;19;Female;English;0;104;0;0
420;4.8;10;34;Male;Other;0;104;1;0
421;NA;10.6;24;Female;English;0;105;-2;0
422;NA;8;51;Male;Other;0;105;-1;0
423;21.33;20;36;Female;English;0;105;0;0
424;22.99;12.5;51;Female;English;0;105;1;0
425;16.28;16;24;Male;English;0;106;-2;0
426;7;12;18;Male;English;0;106;-1;0
427;NA;18;69;Male;English;0;106;0;0
428;32.59;16;50;Female;English;0;106;1;0
429;9.25;9;25;Male;Other;0;107;-2;0
430;7;13;19;Male;English;0;107;-1;0
431;21.12;17;43;Female;English;0;107;0;0
432;NA;10;81;Male;English;0;107;1;0
433;25.6;NA;33;Female;French;0;108;-2;0
434;18;13;44;Male;French;0;108;-1;0
435;19.94;12;31;Female;Other;0;108;0;0
436;21.43;12;62;Female;English;0;108;1;0
437;5.8;14;33;Male;English;0;109;-2;0
438;NA;10;72;Male;English;0;109;-1;0
439;17.67;13;42;Female;English;0;109;0;0
440;16;13;43;Female;English;0;109;1;0
441;NA;12;52;Male;English;0;110;-2;0
442;19.58;13;38;Male;English;0;110;-1;0
443;NA;9;64;Male;English;0;110;0;0
444;15.65;14;49;Male;English;0;110;1;0
445;15.42;14;23;Male;English;0;111;-2;0
446;7;13;47;Female;English;0;111;-1;0
447;11.27;9.5;34;Female;English;0;111;0;0
448;29.87;NA;39;Female;NA;0;111;1;0
449;15;11;35;Male;English;0;112;-2;0
450;27.5;10;49;Female;English;0;112;-1;0
451;NA;8;61;Female;Other;0;112;0;0
452;NA;8;80;Male;English;0;112;1;0
453;7;8;50;Female;English;0;113;-2;0
454;NA;9;41;Female;English;0;113;-1;0
455;29.53;17;44;Female;English;0;113;0;0
456;11.97;5.5;29;Male;Other;0;113;1;0
457;9;9;30;Male;Other;0;114;-2;0
458;NA;5;52;Female;Other;0;114;-1;0
459;25.6;13;60;Male;English;0;114;0;0
460;15.6;13;37;Male;English;0;114;1;0
461;NA;8;73;Female;English;0;115;-2;0
462;11;4;54;Male;Other;0;115;-1;0
463;NA;8;52;Female;French;0;115;0;0
464;11.25;12;35;Male;English;0;115;1;0
465;32.91;18;43;Female;English;0;116;-2;0
466;14.2;14;37;Male;English;0;116;-1;0
467;NA;10;45;Male;English;0;116;0;0
468;6.85;13;20;Male;English;0;116;1;0
469;28.8;20;44;Male;English;0;117;-2;0
470;6.7;12;30;Male;English;0;117;-1;0
471;42.31;NA;60;Male;NA;0;117;0;0
472;6.62;10;17;Female;English;0;117;1;0
473;NA;12.5;41;Female;English;0;118;-2;0
474;NA;14.5;51;Female;English;0;118;-1;0
475;28.54;15;32;Female;English;0;118;0;0
476;22.27;19;50;Male;English;0;118;1;0
477;30.72;20;40;Male;French;0;119;-2;0
478;NA;8;86;Female;English;0;119;-1;0
479;26.39;18;33;Female;English;0;119;0;0
480;33.28;16.5;39;Male;English;0;119;1;0
481;6.36;14.5;23;Male;English;0;120;-2;0
482;NA;18;42;Female;Other;0;120;-1;0
483;NA;9;55;Female;French;0;120;0;0
484;12.86;13;30;Female;English;0;120;1;0
485;18.29;14.5;36;Male;English;0;121;-2;0
486;13.6;16;28;Female;English;0;121;-1;0
487;18.25;17;28;Female;English;0;121;0;0
488;16.62;9;32;Female;French;0;121;1;0
489;NA;18;24;Female;English;0;122;-2;0
490;NA;7;58;Female;English;0;122;-1;0
491;6.35;10.1;17;Female;English;0;122;0;0
492;NA;15;48;Male;Other;0;122;1;0
493;15.79;NA;42;Male;English;0;123;-2;0
494;21.81;13;37;Male;Other;0;123;-1;0
495;NA;13;22;Male;English;0;123;0;0
496;7.19;13;18;Female;English;0;123;1;0
497;NA;6.5;68;Male;Other;0;124;-2;0
498;25.6;18;42;Female;English;0;124;-1;0
499;19;11;41;Female;English;0;124;0;0
500;NA;12;84;Male;English;0;124;1;0
501;NA;8;18;Female;English;0;125;-2;0
502;13.07;16;44;Male;English;0;125;-1;0
503;7;12;48;Female;English;0;125;0;0
504;40.96;17;43;Female;English;0;125;1;0
505;34.67;17;35;Female;English;0;126;-2;0
506;NA;12;22;Female;French;0;126;-1;0
507;13.21;NA;24;Female;English;0;126;0;0
508;11.25;10.5;56;Female;Other;0;126;1;0
509;24;14.5;54;Male;English;0;127;-2;0
510;NA;8;62;Female;English;0;127;-1;0
511;7;14;45;Female;English;0;127;0;0
512;30.65;14;50;Male;NA;0;127;1;0
513;9.1;12.3;19;Male;English;0;128;-2;0
514;NA;13;81;Female;English;0;128;-1;0
515;23.04;13.5;50;Female;English;0;128;0;0
516;NA;8;55;Male;Other;0;128;1;0
517;NA;12;35;Male;Other;0;129;-2;0
518;20.1;17.1;32;Female;English;0;129;-1;0
519;13.91;18;31;Female;English;0;129;0;0
520;18.72;18;42;Male;English;0;129;1;0
521;24.38;20;30;Male;English;0;130;-2;0
522;6.83;13;27;Female;English;0;130;-1;0
523;20.91;16.2;26;Male;English;0;130;0;0
524;14.85;12;30;Female;English;0;130;1;0
525;NA;14;60;Female;English;0;131;-2;0
526;14.29;12.5;52;Female;English;0;131;-1;0
527;NA;13;86;Female;English;0;131;0;0
528;NA;10.5;32;Female;English;0;131;1;0
529;NA;7;60;Male;English;0;132;-2;0
530;8;16.1;20;Female;English;0;132;-1;0
531;14;18;37;Male;English;0;132;0;0
532;8;13;23;Male;English;0;132;1;0
533;12;12;53;Female;English;0;133;-2;0
534;NA;13.5;25;Male;English;0;133;-1;0
535;17.43;17;34;Male;English;0;133;0;0
536;NA;18;81;Male;Other;0;133;1;0
537;9.89;11;66;Female;English;0;134;-2;0
538;NA;12;57;Female;English;0;134;-1;0
539;9.56;17;24;Female;English;0;134;0;0
540;12.13;12;51;Female;English;0;134;1;0
541;NA;8;73;Female;Other;0;135;-2;0
542;NA;10;65;Male;French;0;135;-1;0
543;15;12;32;Male;Other;0;135;0;0
544;NA;9.5;66;Female;English;0;135;1;0
545;4.82;15;23;Male;English;0;136;-2;0
546;17.9;13;45;Male;English;0;136;-1;0
547;12.55;12.5;35;Female;Other;0;136;0;0
548;27.73;17;52;Female;English;0;136;1;0
549;10;14;26;Female;English;0;137;-2;0
550;9.83;14;37;Female;English;0;137;-1;0
551;NA;8;60;Female;English;0;137;0;0
552;NA;9;69;Female;English;0;137;1;0
553;NA;0;88;Female;Other;0;138;-2;0
554;22.23;16;41;Female;Other;0;138;-1;0
555;19.2;18.1;43;Male;English;0;138;0;0
556;7.25;12;41;Male;English;0;138;1;0
557;12;13.5;41;Female;English;0;139;-2;0
558;32.16;18;62;Female;English;0;139;-1;0
559;5;11;16;Male;English;0;139;0;0
560;NA;12;64;Male;English;0;139;1;0
561;NA;12;18;Female;Other;0;140;-2;0
562;24.32;16;21;Male;English;0;140;-1;0
563;9.76;14;29;Female;French;0;140;0;0
564;21.6;11;48;Male;English;0;140;1;0
565;NA;4;33;Male;Other;0;141;-2;0
566;16.5;12;31;Female;English;0;141;-1;0
567;NA;NA;67;Male;Other;0;141;0;0
568;15;17;28;Male;English;0;141;1;0
569;19.2;18.5;27;Male;English;0;142;-2;0
570;15.84;16.3;34;Male;English;0;142;-1;0
571;NA;10.2;19;Female;English;0;142;0;0
572;NA;12.5;49;Female;English;0;142;1;0
573;NA;12;34;Male;English;0;143;-2;0
574;11.2;8.5;48;Male;French;0;143;-1;0
575;NA;12;66;Female;English;0;143;0;0
576;9;15.5;23;Male;English;0;143;1;0
577;9.6;10;54;Female;Other;0;144;-2;0
578;14;17;38;Female;English;0;144;-1;0
579;NA;0;88;Male;Other;0;144;0;0
580;NA;13;56;Male;English;0;144;1;0
581;NA;13.3;37;Female;Other;0;145;-2;0
582;20;13;33;Male;English;0;145;-1;0
583;8;17;57;Female;English;0;145;0;0
584;7.49;12;36;Female;English;0;145;1;0
585;8.18;13.3;19;Female;Other;0;146;-2;0
586;NA;9;17;Male;English;0;146;-1;0
587;18.77;13;32;Male;English;0;146;0;0
588;20.76;18;44;Female;Other;0;146;1;0
589;26.38;8;60;Male;Other;0;147;-2;0
590;NA;8;63;Female;English;0;147;-1;0
591;10;16;38;Female;English;0;147;0;0
592;NA;12;46;Female;English;0;147;1;0
593;NA;10;32;Male;English;0;148;-2;0
594;7.1;9;38;Female;Other;0;148;-1;0
595;33.6;13;44;Male;English;0;148;0;0
596;30.24;17;52;Male;English;0;148;1;0
597;NA;13;80;Female;English;0;149;-2;0
598;13;18;29;Female;Other;0;149;-1;0
599;18.74;17;41;Female;English;0;149;0;0
600;3.15;11.5;26;Female;English;0;149;1;0
601;11.26;12;55;Female;English;0;150;-2;0
602;NA;15;72;Female;English;0;150;-1;0
603;NA;12;35;Female;Other;0;150;0;0
604;NA;13;82;Female;English;0;150;1;0
605;7.25;12;20;Female;English;0;151;-2;0
606;12.5;11;35;Female;English;0;151;-1;0
607;8.8;12.3;35;Female;French;0;151;0;0
608;NA;16;56;Male;English;0;151;1;0
609;NA;8;83;Female;Other;0;152;-2;0
610;14.4;17;62;Female;English;0;152;-1;0
611;NA;9;37;Male;English;0;152;0;0
612;NA;8;70;Female;English;0;152;1;0
613;NA;5;49;Female;Other;0;153;-2;0
614;24.33;15.3;37;Male;English;0;153;-1;0
615;NA;12.9;18;Female;English;0;153;0;0
616;9;17;44;Male;English;0;153;1;0
617;21.6;13.1;49;Female;English;0;154;-2;0
618;12.79;12;47;Female;French;0;154;-1;0
619;15.36;11;64;Male;English;0;154;0;0
620;NA;10;68;Male;English;0;154;1;0
621;14.49;16;53;Female;Other;0;155;-2;0
622;14.05;15;33;Male;English;0;155;-1;0
623;16.42;7.6;39;Male;French;0;155;0;0
624;8.97;13.1;22;Female;Other;0;155;1;0
625;8;11.2;60;Female;English;0;156;-2;0
626;13.5;16.1;36;Female;English;0;156;-1;0
627;NA;11;55;Female;English;0;156;0;0
628;NA;8;57;Female;Other;0;156;1;0
629;12;20;29;Male;English;0;157;-2;0
630;10.25;12.2;23;Female;English;0;157;-1;0
631;27.43;16;55;Male;English;0;157;0;0
632;NA;10;45;Female;English;0;157;1;0
633;NA;12;46;Female;Other;0;158;-2;0
634;NA;10;63;Male;English;0;158;-1;0
635;NA;15;55;Female;English;0;158;0;0
636;11.32;17.5;34;Male;English;0;158;1;0
637;15.77;12.5;33;Male;English;0;159;-2;0
638;NA;NA;26;Female;NA;0;159;-1;0
639;NA;NA;53;Male;NA;0;159;0;0
640;10.87;14;35;Male;English;0;159;1;0
641;NA;8;85;Female;English;0;160;-2;0
642;11.29;10;38;Female;English;0;160;-1;0
643;28.8;12;55;Male;English;0;160;0;0
644;NA;12;33;Female;English;0;160;1;0
645;7.41;13;20;Male;English;0;161;-2;0
646;15;13;32;Male;English;0;161;-1;0
647;10.05;12;23;Female;French;0;161;0;0
648;NA;15;23;Female;English;0;161;1;0
649;7.08;16;27;Male;English;0;162;-2;0
650;18.28;16.1;37;Male;English;0;162;-1;0
651;7;NA;16;Male;NA;0;162;0;0
652;NA;11;68;Female;Other;0;162;1;0
653;11.5;13.5;27;Male;English;0;163;-2;0
654;16;15;46;Female;English;0;163;-1;0
655;15;15.5;25;Female;English;0;163;0;0
656;12;13;47;Female;English;0;163;1;0
657;8.13;10;51;Female;English;0;164;-2;0
658;19;8;53;Male;English;0;164;-1;0
659;NA;8;54;Male;Other;0;164;0;0
660;7;18.5;26;Female;English;0;164;1;0
661;NA;13;53;Female;English;0;165;-2;0
662;NA;8;20;Male;English;0;165;-1;0
663;NA;13;70;Female;French;0;165;0;0
664;NA;8;74;Male;English;0;165;1;0
665;8.61;12;55;Female;English;0;166;-2;0
666;23.46;18;49;Female;English;0;166;-1;0
667;5.93;10.5;28;Female;French;0;166;0;0
668;NA;NA;71;Female;English;0;166;1;0
669;NA;11;37;Female;English;0;167;-2;0
670;19.75;17.4;43;Male;English;0;167;-1;0
671;7.2;17;23;Female;English;0;167;0;0
672;13.44;10.6;38;Female;English;0;167;1;0
673;15.5;12;50;Female;English;0;168;-2;0
674;7.12;12;35;Female;English;0;168;-1;0
675;9.14;17;41;Female;English;0;168;0;0
676;17.88;16;38;Female;Other;0;168;1;0
677;18.75;15;27;Male;English;0;169;-2;0
678;NA;NA;18;Female;English;0;169;-1;0
679;NA;11;69;Female;English;0;169;0;0
680;20.5;17;39;Female;English;0;169;1;0
681;NA;9.5;72;Male;English;0;170;-2;0
682;NA;14;37;Female;Other;0;170;-1;0
683;NA;13;55;Male;English;0;170;0;0
684;31.8;17.3;41;Male;English;0;170;1;0
685;6.75;12.6;19;Female;English;0;171;-2;0
686;NA;7;77;Female;English;0;171;-1;0
687;NA;15;74;Female;English;0;171;0;0
688;NA;10;49;Female;English;0;171;1;0
689;NA;12;34;Female;English;0;172;-2;0
690;NA;10;16;Male;English;0;172;-1;0
691;NA;12;24;Male;English;0;172;0;0
692;9.05;11.1;33;Female;English;0;172;1;0
693;7;11;17;Female;English;0;173;-2;0
694;11.5;9;37;Female;English;0;173;-1;0
695;NA;10;16;Male;English;0;173;0;0
696;11;10;34;Female;French;0;173;1;0
697;NA;11;86;Male;English;0;174;-2;0
698;10.81;0;49;Male;Other;0;174;-1;0
699;10.75;NA;20;Male;English;0;174;0;0
700;25.08;14;38;Male;English;0;174;1;0
701;NA;13;40;Male;Other;0;175;-2;0
702;NA;13;20;Female;English;0;175;-1;0
703;NA;11.5;42;Female;English;0;175;0;0
704;NA;12;79;Male;English;0;175;1;0
705;6.7;11;19;Male;English;0;176;-2;0
706;NA;10;76;Male;English;0;176;-1;0
707;NA;12;78;Female;English;0;176;0;0
708;10.2;12;61;Female;English;0;176;1;0
709;NA;14;21;Male;English;0;177;-2;0
710;24;15;51;Male;Other;0;177;-1;0
711;NA;12;46;Male;English;0;177;0;0
712;16.3;12.1;26;Male;English;0;177;1;0
713;18.39;12;51;Male;English;0;178;-2;0
714;NA;10;34;Male;English;0;178;-1;0
715;3.62;13;57;Male;French;0;178;0;0
716;NA;9;56;Female;English;0;178;1;0
717;24;11;58;Male;English;0;179;-2;0
718;NA;14;35;Female;French;0;179;-1;0
719;16;12.5;44;Female;English;0;179;0;0
720;14.5;12.6;36;Female;English;0;179;1;0
721;NA;9;88;Male;English;0;180;-2;0
722;NA;8;24;Female;English;0;180;-1;0
723;22.81;8;45;Male;Other;0;180;0;0
724;19.18;12;32;Male;English;0;180;1;0
725;NA;8;74;Male;English;0;181;-2;0
726;8;11;39;Female;English;0;181;-1;0
727;13.68;12;37;Male;English;0;181;0;0
728;NA;18;44;Female;English;0;181;1;0
729;NA;12;32;Male;Other;0;182;-2;0
730;NA;14;31;Male;English;0;182;-1;0
731;NA;15;24;Male;English;0;182;0;0
732;9.42;12.5;49;Female;Other;0;182;1;0
733;28.8;16;38;Female;English;0;183;-2;0
734;NA;11;45;Female;Other;0;183;-1;0
735;NA;8;69;Male;English;0;183;0;0
736;28.8;14;54;Female;English;0;183;1;0
737;NA;13.5;48;Female;English;0;184;-2;0
738;21.23;15;37;Male;English;0;184;-1;0
739;24.46;13;32;Female;English;0;184;0;0
740;NA;8.2;32;Female;English;0;184;1;0
741;NA;16;59;Female;English;0;185;-2;0
742;NA;13;43;Female;English;0;185;-1;0
743;16;12.5;41;Male;English;0;185;0;0
744;NA;13.5;34;Male;English;0;185;1;0
745;NA;10;54;Female;English;0;186;-2;0
746;NA;13;47;Male;English;0;186;-1;0
747;NA;14.6;20;Male;English;0;186;0;0
748;17.07;14;32;Female;English;0;186;1;0
749;NA;12;40;Female;French;0;187;-2;0
750;38;17;46;Male;English;0;187;-1;0
751;NA;11;17;Male;English;0;187;0;0
752;20.1;14;42;Male;French;0;187;1;0
753;18.19;12;50;Female;French;0;188;-2;0
754;8;13;37;Female;English;0;188;-1;0
755;NA;7;50;Female;English;0;188;0;0
756;7;13;23;Male;NA;0;188;1;0
757;NA;6.9;56;Female;French;0;189;-2;0
758;NA;12;59;Female;English;0;189;-1;0
759;NA;9;26;Female;English;0;189;0;0
760;NA;10;57;Male;English;0;189;1;0
761;27.84;17.3;41;Female;English;0;190;-2;0
762;NA;13;40;Male;English;0;190;-1;0
763;17.59;9;61;Male;English;0;190;0;0
764;NA;13;47;Female;English;0;190;1;0
765;NA;12.3;47;Male;English;0;191;-2;0
766;7;14.1;19;Male;English;0;191;-1;0
767;NA;17;56;Female;French;0;191;0;0
768;15.36;11;45;Male;English;0;191;1;0
769;NA;13.5;70;Female;English;0;192;-2;0
770;NA;15;37;Male;English;0;192;-1;0
771;14;8;64;Male;English;0;192;0;0
772;NA;11;55;Male;English;0;192;1;0
773;15;13;34;Male;English;0;193;-2;0
774;13.59;14.1;29;Female;English;0;193;-1;0
775;NA;16.5;29;Male;English;0;193;0;0
776;NA;8;70;Male;Other;0;193;1;0
777;NA;20;87;Female;English;0;194;-2;0
778;NA;10;47;Male;Other;0;194;-1;0
779;9.6;10;17;Female;English;0;194;0;0
780;NA;10;53;Female;English;0;194;1;0
781;17;11.5;34;Male;English;0;195;-2;0
782;9.5;3;62;Female;Other;0;195;-1;0
783;17.5;12;43;Female;French;0;195;0;0
784;17.81;13;34;Male;French;0;195;1;0
785;7.16;13.8;21;Male;English;0;196;-2;0
786;5.75;12;17;Female;English;0;196;-1;0
787;NA;15;21;Female;Other;0;196;0;0
788;NA;11;21;Female;English;0;196;1;0
789;15;13;64;Female;English;0;197;-2;0
790;9.65;12.5;53;Female;English;0;197;-1;0
791;18.04;15;30;Male;English;0;197;0;0
792;NA;17;74;Male;English;0;197;1;0
793;27.75;16;36;Male;English;0;198;-2;0
794;NA;9.5;33;Male;English;0;198;-1;0
795;NA;12;37;Male;English;0;198;0;0
796;NA;12;72;Female;English;0;198;1;0
797;15.36;12;41;Female;English;0;199;-2;0
798;19.91;13;47;Female;English;0;199;-1;0
799;12;7;38;Male;Other;0;199;0;0
800;NA;13;62;Female;Other;0;199;1;0
801;NA;15;50;Male;English;0;200;-2;0
802;3.59;13.6;21;Female;English;0;200;-1;0
803;7.2;11;18;Male;English;0;200;0;0
804;13;15;22;Male;English;0;200;1;0
805;7;9.5;27;Female;Other;0;201;-2;0
806;NA;8;77;Female;English;0;201;-1;0
807;12.56;15;24;Male;English;0;201;0;0
808;NA;14;26;Female;English;0;201;1;0
809;NA;8.5;71;Female;Other;0;202;-2;0
810;NA;16;35;Male;Other;0;202;-1;0
811;10.28;NA;28;Female;French;0;202;0;0
812;NA;14;23;Female;English;0;202;1;0
813;10.39;NA;44;Female;English;0;203;-2;0
814;NA;15;45;Male;English;0;203;-1;0
815;NA;11;37;Male;French;0;203;0;0
816;NA;12;71;Male;English;0;203;1;0
817;6.44;7;54;Female;French;0;204;-2;0
818;NA;NA;75;Male;Other;0;204;-1;0
819;NA;11;61;Female;English;0;204;0;0
820;10;16.5;38;Male;English;0;204;1;0
821;NA;8;68;Male;Other;0;205;-2;0
822;NA;12;70;Male;French;0;205;-1;0
823;13.49;10.5;37;Female;English;0;205;0;0
824;5.85;13;19;Male;English;0;205;1;0
825;22.7;12.7;43;Male;English;0;206;-2;0
826;13.07;19;42;Male;English;0;206;-1;0
827;NA;16;39;Male;English;0;206;0;0
828;6.7;6;57;Female;French;0;206;1;0
829;NA;12.5;45;Male;English;0;207;-2;0
830;NA;10.9;22;Male;English;0;207;-1;0
831;NA;16;47;Female;English;0;207;0;0
832;NA;16;69;Male;English;0;207;1;0
833;NA;19.2;47;Male;English;0;208;-2;0
834;NA;8;69;Female;English;0;208;-1;0
835;7;13;19;Female;English;0;208;0;0
836;NA;15;78;Female;English;0;208;1;0
837;NA;18;66;Female;French;0;209;-2;0
838;20.48;11;38;Female;French;0;209;-1;0
839;25.6;18;32;Female;English;0;209;0;0
840;7.75;13;54;Female;English;0;209;1;0
841;9.18;12.6;20;Male;English;0;210;-2;0
842;7.92;13;20;Female;English;0;210;-1;0
843;24;NA;37;Male;English;0;210;0;0
844;NA;10;17;Male;English;0;210;1;0
845;NA;18;41;Female;English;0;211;-2;0
846;43.2;16.5;37;Male;English;0;211;-1;0
847;24;NA;61;Male;English;0;211;0;0
848;NA;12;76;Female;English;0;211;1;0
849;NA;10;85;Female;English;0;212;-2;0
850;18.74;16;29;Female;English;0;212;-1;0
851;22.98;15;36;Female;Other;0;212;0;0
852;14.04;9;61;Female;English;0;212;1;0
853;14.88;13;40;Female;English;0;213;-2;0
854;7.6;9;57;Female;English;0;213;-1;0
855;7.68;15;24;Female;English;0;213;0;0
856;NA;10.5;53;Female;Other;0;213;1;0
857;NA;8;54;Female;Other;0;214;-2;0
858;NA;11;69;Female;English;0;214;-1;0
859;6.9;16;24;Female;French;0;214;0;0
860;NA;9;81;Male;English;0;214;1;0
861;NA;18;55;Female;Other;0;215;-2;0
862;NA;18;55;Male;English;0;215;-1;0
863;8.75;11;34;Female;English;0;215;0;0
864;10.96;12.5;32;Female;English;0;215;1;0
865;13.73;19;41;Female;English;0;216;-2;0
866;27;15;48;Female;English;0;216;-1;0
867;NA;9;32;Male;English;0;216;0;0
868;12.21;12;54;Female;French;0;216;1;0
869;30.1;13;47;Male;English;0;217;-2;0
870;18.24;11.5;51;Male;French;0;217;-1;0
871;NA;NA;55;Male;English;0;217;0;0
872;NA;16;63;Female;English;0;217;1;0
873;10;12;34;Female;Other;0;218;-2;0
874;18.54;12;38;Male;French;0;218;-1;0
875;NA;12.5;51;Female;English;0;218;0;0
876;NA;10.5;57;Male;Other;0;218;1;0
877;NA;10;44;Female;French;0;219;-2;0
878;25;11;60;Male;English;0;219;-1;0
879;NA;13.3;41;Male;French;0;219;0;0
880;14.34;12;23;Female;English;0;219;1;0
881;NA;8;70;Female;Other;0;220;-2;0
882;6.73;10;16;Female;English;0;220;-1;0
883;7.85;9;57;Female;English;0;220;0;0
884;NA;13;28;Male;English;0;220;1;0
885;6.94;14;19;Male;English;0;221;-2;0
886;NA;5;64;Female;English;0;221;-1;0
887;14.07;12.7;56;Female;English;0;221;0;0
888;NA;8.5;18;Female;English;0;221;1;0
889;NA;9.5;56;Male;English;0;222;-2;0
890;7;NA;19;Female;English;0;222;-1;0
891;NA;8;61;Male;English;0;222;0;0
892;NA;14;80;Female;English;0;222;1;0
893;12;12;36;Male;English;0;223;-2;0
894;8;14;43;Female;English;0;223;-1;0
895;28.36;15;39;Male;English;0;223;0;0
896;9.49;9;55;Female;English;0;223;1;0
897;15.04;13;56;Female;English;0;224;-2;0
898;NA;11.5;85;Female;English;0;224;-1;0
899;NA;8;68;Female;English;0;224;0;0
900;NA;9;46;Male;English;0;224;1;0
901;16.9;12.6;42;Female;English;0;225;-2;0
902;NA;13;38;Male;English;0;225;-1;0
903;27.34;14.8;37;Female;English;0;225;0;0
904;8.05;12;29;Female;English;0;225;1;0
905;NA;14.6;31;Female;English;0;226;-2;0
906;13.76;NA;29;Male;English;0;226;-1;0
907;NA;8;66;Male;English;0;226;0;0
908;10;15;29;Male;English;0;226;1;0
909;19.2;16;30;Female;Other;0;227;-2;0
910;NA;8;89;Male;English;0;227;-1;0
911;5.6;12;29;Female;English;0;227;0;0
912;NA;19;49;Male;Other;0;227;1;0
913;NA;10;49;Female;French;0;228;-2;0
914;NA;12;34;Female;English;0;228;-1;0
915;NA;12;18;Female;French;0;228;0;0
916;NA;12;39;Female;English;0;228;1;0
917;11.36;12;51;Male;English;0;229;-2;0
918;16.48;NA;37;Male;English;0;229;-1;0
919;NA;19;56;Female;English;0;229;0;0
920;18.94;16;32;Female;English;0;229;1;0
921;9.43;11;21;Male;English;0;230;-2;0
922;18.21;12;45;Female;English;0;230;-1;0
923;NA;12.8;45;Female;English;0;230;0;0
924;20.84;13.8;39;Female;Other;0;230;1;0
925;24;17;31;Male;English;0;231;-2;0
926;NA;10.5;80;Male;English;0;231;-1;0
927;NA;5;28;Male;Other;0;231;0;0
928;NA;10;50;Male;French;0;231;1;0
929;27.84;18;53;Male;English;0;232;-2;0
930;34.56;12;46;Male;English;0;232;-1;0
931;NA;8;65;Female;English;0;232;0;0
932;15.87;10.5;45;Female;Other;0;232;1;0
933;31.9;8;58;Male;Other;0;233;-2;0
934;6.7;11;18;Female;English;0;233;-1;0
935;NA;9;70;Male;English;0;233;0;0
936;12;8;29;Male;English;0;233;1;0
937;7;13.8;20;Female;English;0;234;-2;0
938;NA;12.1;51;Male;Other;0;234;-1;0
939;7.89;12;61;Female;English;0;234;0;0
940;NA;7;77;Male;English;0;234;1;0
941;NA;11;26;Female;Other;0;235;-2;0
942;NA;16;58;Male;English;0;235;-1;0
943;9.82;12;18;Male;English;0;235;0;0
944;6.7;20;43;Male;English;0;235;1;0
945;NA;15.5;41;Female;English;0;236;-2;0
946;NA;10;80;Female;English;0;236;-1;0
947;NA;10;22;Male;English;0;236;0;0
948;NA;6;58;Female;English;0;236;1;0
949;NA;17;43;Male;English;0;237;-2;0
950;7;12;25;Male;English;0;237;-1;0
951;18;15;26;Male;English;0;237;0;0
952;26.18;17;38;Female;Other;1;237;1;0
953;33.6;13;60;Male;English;0;238;-2;0
954;20;12;36;Male;English;0;238;-1;0
955;6.85;12.6;20;Female;English;0;238;0;0
956;15.85;11;33;Male;French;1;238;1;0
957;NA;8;65;Female;English;0;239;-2;0
958;21.91;NA;36;Male;English;0;239;-1;0
959;NA;5;73;Female;Other;0;239;0;0
960;NA;12;68;Female;English;1;239;1;0
961;NA;14;76;Male;English;0;240;-2;0
962;7.48;12.7;38;Female;French;0;240;-1;0
963;28.14;16;56;Female;English;0;240;0;0
964;NA;10;26;Male;English;1;240;1;0
965;NA;9;89;Female;English;0;241;-2;0
966;NA;7;70;Female;English;0;241;-1;0
967;NA;9;78;Female;English;0;241;0;0
968;NA;11;82;Female;English;1;241;1;0
969;NA;8;48;Female;English;0;242;-2;0
970;7.67;5;62;Female;Other;0;242;-1;0
971;13.88;10;57;Male;Other;0;242;0;0
972;17.44;5;58;Male;Other;1;242;1;0
973;14.05;10.5;58;Male;English;0;243;-2;0
974;13.54;12;56;Female;English;0;243;-1;0
975;19.86;12.5;63;Male;French;0;243;0;0
976;NA;10.3;23;Male;English;1;243;1;0
977;18.72;16.5;26;Male;English;0;244;-2;0
978;NA;8;58;Male;French;0;244;-1;0
979;NA;10;67;Male;English;0;244;0;0
980;NA;16.6;37;Male;Other;1;244;1;0
981;21.6;16;29;Male;English;0;245;-2;0
982;18.35;12.5;27;Male;English;0;245;-1;0
983;8.26;10.5;32;Female;English;0;245;0;0
984;20.85;12;40;Female;English;1;245;1;0
985;12;12;30;Male;English;0;246;-2;0
986;14.36;10;53;Female;English;0;246;-1;0
987;12.96;18;35;Male;English;0;246;0;0
988;17;14;40;Male;English;1;246;1;0
989;NA;9.5;73;Male;English;0;247;-2;0
990;NA;16;56;Male;English;0;247;-1;0
991;6.46;10.6;17;Female;English;1;247;0;0
992;9.34;12;18;Male;English;0;247;1;0
993;NA;15;64;Female;French;0;248;-2;0
994;NA;9;46;Male;English;0;248;-1;0
995;NA;13;18;Male;Other;1;248;0;0
996;NA;16;29;Male;English;0;248;1;0
997;15.51;12.8;37;Male;English;0;249;-2;0
998;25;17.5;34;Female;English;0;249;-1;0
999;19;12;35;Male;English;1;249;0;0
1000;NA;9;69;Male;English;0;249;1;0
1001;8.5;12;42;Female;English;0;250;-2;0
1002;NA;12;71;Female;English;0;250;-1;0
1003;8;13;46;Female;English;1;250;0;0
1004;20.45;17;58;Male;English;0;250;1;0
1005;18.87;14;46;Female;Other;0;251;-2;0
1006;NA;12;50;Female;English;0;251;-1;0
1007;10;12;26;Male;English;1;251;0;0
1008;NA;12;52;Female;Other;0;251;1;0
1009;12.29;13.7;31;Female;English;0;252;-2;0
1010;NA;17;45;Male;English;0;252;-1;0
1011;14.28;13;48;Female;English;1;252;0;0
1012;9;12.5;42;Female;English;0;252;1;0
1013;19.33;10;45;Male;English;0;253;-2;0
1014;10.56;13.4;42;Female;English;0;253;-1;0
1015;23.09;12.5;48;Female;English;1;253;0;0
1016;21.44;13;49;Male;English;0;253;1;0
1017;7;18;22;Male;English;0;254;-2;0
1018;16.5;12;51;Male;Other;0;254;-1;0
1019;NA;8;67;Female;English;1;254;0;0
1020;NA;15;48;Female;Other;0;254;1;0
1021;NA;13.5;72;Male;Other;0;255;-2;0
1022;NA;5;65;Female;Other;0;255;-1;0
1023;NA;14;63;Male;English;1;255;0;0
1024;18.9;19.5;24;Male;English;0;255;1;0
1025;NA;12;35;Female;English;0;256;-2;0
1026;15.75;10;35;Male;English;0;256;-1;0
1027;NA;7;53;Female;Other;1;256;0;0
1028;13.21;16;28;Male;English;0;256;1;0
1029;NA;9;55;Male;English;0;257;-2;0
1030;17.1;15;27;Female;English;0;257;-1;0
1031;16.08;14;44;Male;English;1;257;0;0
1032;15.65;10;41;Male;English;0;257;1;0
1033;13.13;19;32;Male;French;0;258;-2;0
1034;15.52;13.6;28;Male;French;0;258;-1;0
1035;NA;0;78;Female;English;1;258;0;0
1036;NA;11;45;Male;English;0;258;1;0
1037;NA;10;68;Male;English;0;259;-2;0
1038;23.04;16;29;Male;English;0;259;-1;0
1039;8;12;61;Male;French;1;259;0;0
1040;NA;8;67;Male;Other;0;259;1;0
1041;10.85;10;44;Female;English;0;260;-2;0
1042;NA;10;51;Male;English;0;260;-1;0
1043;12.31;16;22;Female;English;1;260;0;0
1044;12.81;10;41;Male;English;0;260;1;0
1045;21;18;24;Female;English;0;261;-2;0
1046;16.12;12;33;Male;English;0;261;-1;0
1047;NA;13;43;Male;English;1;261;0;0
1048;21.6;12.7;33;Male;English;0;261;1;0
1049;NA;6;58;Female;English;0;262;-2;0
1050;12.35;15.4;32;Female;French;0;262;-1;0
1051;NA;7;71;Male;English;1;262;0;0
1052;NA;8;70;Male;English;1;262;1;0
1053;16.32;15;38;Female;English;0;263;-2;0
1054;NA;5;75;Female;French;0;263;-1;0
1055;19.2;11.5;53;Female;English;1;263;0;0
1056;NA;14;32;Female;Other;1;263;1;0
1057;NA;11.4;19;Male;English;0;264;-2;0
1058;NA;15;40;Male;English;0;264;-1;0
1059;NA;12.5;23;Male;English;1;264;0;0
1060;13.23;10;58;Male;English;1;264;1;0
1061;NA;10;60;Female;French;0;265;-2;0
1062;21.43;15;32;Male;English;0;265;-1;0
1063;NA;13.1;51;Female;English;1;265;0;0
1064;16.25;9;34;Male;English;1;265;1;0
1065;23.63;13;31;Female;English;0;266;-2;0
1066;NA;9;18;Male;English;1;266;-1;0
1067;8;16;29;Female;English;0;266;0;0
1068;7.49;11.6;19;Female;English;0;266;1;0
1069;NA;9;16;Female;English;0;267;-2;0
1070;NA;10.5;75;Female;English;1;267;-1;0
1071;NA;13;33;Male;Other;0;267;0;0
1072;6;15.5;20;Female;English;0;267;1;0
1073;NA;16.1;25;Male;English;0;268;-2;0
1074;21;11;39;Female;English;1;268;-1;0
1075;12.03;13.8;37;Female;English;0;268;0;0
1076;10;13.4;37;Female;English;0;268;1;0
1077;19.68;12.5;38;Male;English;0;269;-2;0
1078;10;11.3;45;Male;English;1;269;-1;0
1079;24.74;19;32;Female;English;0;269;0;0
1080;NA;12;50;Male;English;0;269;1;0
1081;13.75;17;28;Female;English;0;270;-2;0
1082;8.97;11;23;Male;English;1;270;-1;0
1083;NA;17;42;Male;English;0;270;0;0
1084;NA;8;84;Male;French;0;270;1;0
1085;14.5;14.3;46;Female;English;0;271;-2;0
1086;9.48;8;62;Male;English;1;271;-1;0
1087;NA;13;52;Female;English;0;271;0;0
1088;9.2;13;40;Female;English;0;271;1;0
1089;14.52;15;30;Female;English;0;272;-2;0
1090;NA;15;43;Female;English;1;272;-1;0
1091;NA;12.5;80;Female;English;0;272;0;0
1092;NA;14;58;Female;English;0;272;1;0
1093;NA;9;53;Male;English;0;273;-2;0
1094;NA;12.5;72;Female;English;1;273;-1;0
1095;NA;11;62;Female;English;0;273;0;0
1096;NA;11.5;32;Female;English;0;273;1;0
1097;NA;12;43;Male;English;0;274;-2;0
1098;NA;17;22;Female;Other;1;274;-1;0
1099;16.68;12.5;47;Male;English;0;274;0;0
1100;NA;11;89;Female;English;0;274;1;0
1101;10.07;13.2;20;Female;Other;0;275;-2;0
1102;NA;8;78;Male;English;1;275;-1;0
1103;7.97;10;26;Female;English;0;275;0;0
1104;NA;8;73;Male;English;0;275;1;0
1105;22.8;12;39;Male;English;0;276;-2;0
1106;17.77;15;47;Female;English;1;276;-1;0
1107;NA;12.5;79;Female;English;0;276;0;0
1108;15.36;16.2;39;Male;English;0;276;1;0
1109;NA;7;63;Female;English;0;277;-2;0
1110;24.92;12.5;39;Male;English;1;277;-1;0
1111;10;17.5;24;Male;English;0;277;0;0
1112;6.6;10;18;Male;English;0;277;1;0
1113;NA;12;76;Female;English;0;278;-2;0
1114;7.73;9.8;17;Female;English;1;278;-1;0
1115;NA;13;80;Male;English;0;278;0;0
1116;14.8;9;32;Male;English;0;278;1;0
1117;NA;11;29;Female;English;0;279;-2;0
1118;9.33;14.5;41;Female;Other;1;279;-1;0
1119;10.35;17;51;Female;English;0;279;0;0
1120;NA;11;17;Male;English;0;279;1;0
1121;11.43;12.5;21;Female;English;0;280;-2;0
1122;30;16;48;Female;English;1;280;-1;0
1123;15;15.8;30;Male;English;0;280;0;0
1124;NA;9;70;Female;English;0;280;1;0
1125;10.46;14.5;24;Female;Other;0;281;-2;0
1126;22.04;17;26;Female;English;1;281;-1;0
1127;NA;12;69;Female;English;0;281;0;0
1128;11;15;25;Female;English;0;281;1;0
1129;24;15;47;Male;English;0;282;-2;0
1130;17;15;32;Female;English;1;282;-1;0
1131;NA;13.5;26;Male;English;0;282;0;0
1132;NA;12;48;Female;Other;1;282;1;0
1133;NA;12;53;Female;Other;0;283;-2;0
1134;19;12.8;36;Male;English;1;283;-1;0
1135;15;12.5;38;Male;English;0;283;0;0
1136;24;16;39;Female;English;1;283;1;0
1137;NA;4;71;Male;French;0;284;-2;0
1138;12.65;12;39;Female;English;1;284;-1;0
1139;10.56;15;32;Male;English;1;284;0;0
1140;13;11;22;Male;English;0;284;1;0
1141;6;14;21;Male;English;0;285;-2;0
1142;7.88;14.3;26;Female;Other;1;285;-1;0
1143;12.94;17;33;Male;English;1;285;0;0
1144;15.78;16;47;Male;English;0;285;1;0
1145;NA;11.3;29;Male;English;0;286;-2;0
1146;24;6;54;Male;English;1;286;-1;0
1147;NA;20;43;Female;English;1;286;0;0
1148;24.69;18.5;31;Female;English;0;286;1;0
1149;18.96;15.8;53;Male;English;0;287;-2;0
1150;NA;6;78;Female;French;1;287;-1;0
1151;12.13;11;31;Male;English;1;287;0;0
1152;NA;18;70;Male;English;0;287;1;0
1153;NA;10;16;Female;English;0;288;-2;0
1154;NA;14.5;23;Male;English;1;288;-1;0
1155;NA;8;57;Male;Other;1;288;0;0
1156;NA;13;72;Male;English;0;288;1;0
1157;NA;8;60;Female;English;0;289;-2;0
1158;NA;14;77;Male;Other;1;289;-1;0
1159;NA;4;66;Female;English;1;289;0;0
1160;NA;12;51;Female;English;0;289;1;0
1161;14.62;13;28;Male;English;0;290;-2;0
1162;13;16;29;Male;English;1;290;-1;0
1163;NA;9;65;Female;English;1;290;0;0
1164;13.5;11;25;Male;English;0;290;1;0
1165;13.62;14.5;54;Male;English;0;291;-2;0
1166;NA;17;54;Male;English;1;291;-1;0
1167;NA;8;61;Female;Other;1;291;0;0
1168;9.4;10;51;Female;English;1;291;1;0
1169;14.77;17;34;Female;English;0;292;-2;0
1170;NA;8;78;Female;English;1;292;-1;0
1171;26;NA;54;Female;NA;1;292;0;0
1172;7.5;12;24;Female;English;1;292;1;0
1173;11.04;NA;50;Male;English;0;293;-2;0
1174;11.5;13;31;Female;Other;1;293;-1;0
1175;10;14.5;46;Female;English;1;293;0;0
1176;28.8;12;42;Male;English;1;293;1;0
1177;19.38;11.5;28;Male;English;1;294;-2;0
1178;NA;15;64;Male;English;0;294;-1;0
1179;24;15;30;Female;English;0;294;0;0
1180;6.71;11.6;20;Male;English;0;294;1;0
1181;NA;9;68;Female;Other;1;295;-2;0
1182;NA;9;72;Female;English;0;295;-1;0
1183;23.42;12.5;43;Male;English;0;295;0;0
1184;NA;11;70;Female;English;0;295;1;0
1185;NA;14;63;Female;English;1;296;-2;0
1186;NA;12;69;Female;English;0;296;-1;0
1187;NA;NA;62;Male;English;0;296;0;0
1188;15.33;13;34;Female;English;0;296;1;0
1189;NA;11;53;Male;English;1;297;-2;0
1190;NA;12;41;Female;English;0;297;-1;0
1191;NA;8;46;Female;English;0;297;0;0
1192;NA;11;34;Female;English;0;297;1;0
1193;NA;14.2;30;Female;English;1;298;-2;0
1194;NA;11;52;Male;English;0;298;-1;0
1195;12.48;13;28;Male;English;0;298;0;0
1196;14.65;12.7;37;Female;English;0;298;1;0
1197;NA;10;27;Female;English;1;299;-2;0
1198;8.91;10.1;35;Female;Other;0;299;-1;0
1199;16.46;11;51;Female;English;0;299;0;0
1200;NA;12;49;Male;English;0;299;1;0
1201;16.76;19.5;37;Male;English;1;300;-2;0
1202;NA;10;66;Female;Other;0;300;-1;0
1203;15.34;12.3;31;Male;English;0;300;0;0
1204;26.62;16.5;45;Male;English;0;300;1;0
1205;NA;12;77;Male;French;1;301;-2;0
1206;NA;13;81;Female;English;0;301;-1;0
1207;8.96;12;23;Male;English;0;301;0;0
1208;20.87;13;42;Male;English;0;301;1;0
1209;NA;10;45;Male;Other;1;302;-2;0
1210;7;12;19;Female;English;0;302;-1;0
1211;NA;11;51;Male;English;0;302;0;0
1212;NA;10;17;Male;English;0;302;1;0
1213;NA;8;76;Male;English;1;303;-2;0
1214;38.34;20;47;Female;English;0;303;-1;0
1215;NA;10;78;Female;English;0;303;0;0
1216;9;13;28;Male;English;0;303;1;0
1217;25.63;14;38;Female;English;1;304;-2;0
1218;30.72;16.5;48;Male;English;0;304;-1;0
1219;5.15;12.5;29;Female;English;0;304;0;0
1220;21.6;15;42;Male;English;0;304;1;0
1221;28.8;15;62;Female;English;1;305;-2;0
1222;NA;15;66;Male;English;0;305;-1;0
1223;14.93;19;28;Male;English;0;305;0;0
1224;NA;11;57;Female;English;0;305;1;0
1225;15;15;25;Male;English;1;306;-2;0
1226;9;14.1;20;Female;English;0;306;-1;0
1227;13.76;10;24;Male;English;0;306;0;0
1228;24;12.5;48;Male;English;0;306;1;0
1229;NA;16;75;Male;English;1;307;-2;0
1230;9;NA;22;Male;English;0;307;-1;0
1231;NA;8;67;Male;English;0;307;0;0
1232;28.16;14;51;Female;English;0;307;1;0
1233;6.48;10;56;Female;English;1;308;-2;0
1234;13.06;13;38;Female;English;0;308;-1;0
1235;17.46;9;45;Male;English;0;308;0;0
1236;6.76;13;18;Female;English;0;308;1;0
1237;NA;12;62;Female;English;1;309;-2;0
1238;21.94;17;30;Female;English;0;309;-1;0
1239;18.79;14;52;Female;French;0;309;0;0
1240;29.22;16.2;40;Male;English;0;309;1;0
1241;28.4;NA;38;Male;English;1;310;-2;0
1242;13.75;17.4;40;Female;English;0;310;-1;0
1243;NA;13;44;Female;English;0;310;0;0
1244;NA;12;68;Female;English;0;310;1;0
1245;NA;12;35;Female;English;1;311;-2;0
1246;10.22;13.2;30;Male;English;0;311;-1;0
1247;NA;0;85;Female;French;0;311;0;0
1248;21.99;16;55;Female;English;0;311;1;0
1249;NA;NA;66;Male;Other;1;312;-2;0
1250;NA;12;68;Male;Other;0;312;-1;0
1251;NA;13.8;28;Female;French;0;312;0;0
1252;15.25;12;34;Male;English;0;312;1;0
1253;6.7;16.3;23;Female;English;1;313;-2;0
1254;8.47;17.5;24;Female;NA;0;313;-1;0
1255;NA;17;70;Female;English;0;313;0;0
1256;NA;13;45;Male;Other;0;313;1;0
1257;11;14;20;Male;English;1;314;-2;0
1258;13.14;15;25;Male;French;0;314;-1;0
1259;11.45;12;23;Male;French;0;314;0;0
1260;21.94;11;56;Female;English;0;314;1;0
1261;NA;12;52;Male;Other;1;315;-2;0
1262;36.32;17;57;Male;Other;0;315;-1;0
1263;12.48;10;49;Male;English;0;315;0;0
1264;NA;10;64;Male;English;0;315;1;0
1265;NA;16;32;Male;Other;1;316;-2;0
1266;16.06;16;30;Female;English;0;316;-1;0
1267;NA;13;85;Male;English;0;316;0;0
1268;16.85;10.5;61;Female;English;0;316;1;0
1269;NA;16;54;Female;English;1;317;-2;0
1270;14;15;49;Male;English;0;317;-1;0
1271;NA;16;23;Female;English;0;317;0;0
1272;NA;10;80;Female;English;0;317;1;0
1273;7;16;42;Male;English;1;318;-2;0
1274;NA;10;51;Female;English;0;318;-1;0
1275;8.33;14;42;Female;English;0;318;0;0
1276;11.78;13;52;Female;English;1;318;1;0
1277;12.25;12.5;58;Female;English;1;319;-2;0
1278;21.94;17;42;Male;English;0;319;-1;0
1279;NA;14;45;Female;English;0;319;0;0
1280;10.18;10;41;Female;English;1;319;1;0
1281;18.81;13.5;40;Male;French;1;320;-2;0
1282;4.63;14.5;24;Female;English;0;320;-1;0
1283;NA;12;74;Male;Other;0;320;0;0
1284;22.21;13;40;Male;Other;1;320;1;0
1285;NA;12.5;60;Female;English;1;321;-2;0
1286;9.45;13;23;Male;English;0;321;-1;0
1287;21.34;12;49;Male;French;1;321;0;0
1288;11.87;13;36;Female;English;0;321;1;0
1289;25.12;12;44;Male;English;1;322;-2;0
1290;8.03;11.6;20;Male;English;0;322;-1;0
1291;NA;16;48;Female;English;1;322;0;0
1292;16;12;48;Male;French;0;322;1;0
1293;14.89;17.5;35;Female;English;1;323;-2;0
1294;6.7;13;18;Male;French;0;323;-1;0
1295;18.92;20;41;Male;English;1;323;0;0
1296;NA;10;37;Male;English;0;323;1;0
1297;NA;12;32;Male;English;1;324;-2;0
1298;21.1;15;30;Female;English;0;324;-1;0
1299;NA;12;84;Female;French;1;324;0;0
1300;NA;15;29;Female;Other;1;324;1;0
1301;23.33;NA;51;Female;Other;1;325;-2;0
1302;10;12;49;Female;English;0;325;-1;0
1303;6.25;10.5;60;Female;English;1;325;0;0
1304;NA;8;38;Male;Other;1;325;1;0
1305;9;9;33;Female;Other;1;326;-2;0
1306;NA;14;55;Female;English;1;326;-1;0
1307;NA;11.5;45;Female;French;0;326;0;0
1308;NA;11;63;Male;Other;0;326;1;0
1309;13;10;31;Male;English;1;327;-2;0
1310;7.16;7;18;Male;Other;1;327;-1;0
1311;6.78;NA;21;Female;English;0;327;0;0
1312;NA;11;79;Male;English;0;327;1;0
1313;7.01;4;45;Female;Other;1;328;-2;0
1314;NA;8;81;Male;English;1;328;-1;0
1315;9.63;12;18;Male;English;0;328;0;0
1316;NA;13;26;Female;English;0;328;1;0
1317;NA;8;65;Female;English;1;329;-2;0
1318;NA;15;33;Female;Other;1;329;-1;0
1319;13.78;10.5;56;Female;English;0;329;0;0
1320;NA;20;35;Male;English;0;329;1;0
1321;15.36;18;23;Male;French;1;330;-2;0
1322;7;12;18;Female;English;1;330;-1;0
1323;NA;7;78;Male;English;0;330;0;0
1324;11;11;25;Male;English;0;330;1;0
1325;15.43;11.2;55;Female;English;1;331;-2;0
1326;11.5;15;33;Female;English;1;331;-1;0
1327;NA;15;69;Female;English;0;331;0;0
1328;NA;14;66;Female;English;0;331;1;0
1329;29.62;13.5;33;Male;English;1;332;-2;0
1330;33.39;16.1;46;Female;English;1;332;-1;0
1331;NA;10;60;Female;English;0;332;0;0
1332;22.08;12;30;Male;English;1;332;1;0
1333;NA;15;21;Male;English;1;333;-2;0
1334;NA;17;57;Female;English;1;333;-1;0
1335;12.51;13;26;Female;English;0;333;0;0
1336;NA;8;61;Male;Other;1;333;1;0
1337;6.7;12;18;Male;English;1;334;-2;0
1338;9.57;15;34;Male;English;1;334;-1;0
1339;9.66;10;45;Male;English;1;334;0;0
1340;NA;10;81;Female;English;0;334;1;0
1341;19.04;20;29;Female;English;1;335;-2;0
1342;NA;20;31;Male;English;1;335;-1;0
1343;13;17.1;26;Female;English;1;335;0;0
1344;9;8;58;Female;Other;0;335;1;0
1345;22.68;15;45;Male;English;1;336;-2;0
1346;6.5;12.2;21;Female;Other;1;336;-1;0
1347;6.75;12;57;Female;English;1;336;0;0
1348;NA;12.5;49;Male;English;0;336;1;0
1349;26.98;20;40;Female;English;1;337;-2;0
1350;26.44;NA;43;Male;NA;1;337;-1;0
1351;NA;12;59;Male;English;1;337;0;0
1352;30.1;16;46;Female;English;0;337;1;0
1353;38.76;11.5;33;Male;French;1;338;-2;0
1354;NA;13;19;Female;English;1;338;-1;0
1355;NA;9;46;Female;English;1;338;0;0
1356;18.13;16;33;Male;English;0;338;1;0
1357;17;8.2;35;Male;English;1;339;-2;0
1358;NA;18;33;Male;English;1;339;-1;0
1359;11;10;33;Male;English;1;339;0;0
1360;6.61;16;29;Male;English;1;339;1;0
1361;NA;12;53;Female;English;1;340;-2;0
1362;NA;10;74;Male;English;1;340;-1;0
1363;NA;NA;61;Male;English;1;340;0;0
1364;NA;7;85;Male;English;1;340;1;0
1365;19.19;13;64;Female;English;1;341;-2;0
1366;NA;11;19;Female;English;1;341;-1;0
1367;38.4;15.2;39;Male;English;1;341;0;0
1368;6;10;16;Male;English;1;341;1;0
1369;27.36;19.7;46;Female;English;1;342;-2;0
1370;6.89;NA;19;Male;English;1;342;-1;0
1371;8.9;12;46;Male;English;1;342;0;0
1372;9;14.5;20;Male;English;1;342;1;0
1373;NA;12.5;33;Female;English;1;343;-2;0
1374;12;15;51;Male;Other;1;343;-1;0
1375;NA;12;36;Female;English;1;343;0;0
1376;NA;17;58;Female;English;1;343;1;0
1377;12.9;17;23;Male;English;1;344;-2;0
1378;16.67;12;48;Male;English;1;344;-1;0
1379;18.58;8;54;Male;French;1;344;0;0
1380;NA;13.4;41;Male;English;1;344;1;0
1381;19;13;41;Male;English;1;345;-2;0
1382;25.51;16.5;37;Female;English;1;345;-1;0
1383;NA;13;33;Male;English;1;345;0;0
1384;NA;6;58;Female;Other;1;345;1;0
1385;23.04;17;49;Female;English;1;346;-2;0
1386;NA;10;44;Female;English;1;346;-1;0
1387;NA;13;27;Male;Other;1;346;0;0
1388;NA;16;70;Female;English;1;346;1;0
1389;NA;15.5;23;Male;English;1;347;-2;0
1390;14.47;12;39;Male;English;1;347;-1;0
1391;7.5;12;29;Female;English;1;347;0;0
1392;NA;12;50;Female;English;1;347;1;0
1393;11.55;10.5;51;Female;English;1;348;-2;0
1394;12;15;27;Female;English;1;348;-1;0
1395;17.57;18;27;Male;Other;1;348;0;0
1396;10;19.3;27;Female;French;1;348;1;0
1397;NA;13;29;Female;English;1;349;-2;0
1398;NA;8;50;Male;English;1;349;-1;0
1399;NA;12.5;65;Female;English;1;349;0;0
1400;NA;12;61;Male;Other;1;349;1;0
1401;NA;12.5;42;Male;English;0;350;-2;1
1402;NA;17.5;61;Male;English;0;350;-1;1
1403;15.54;12;34;Male;English;0;350;0;1
1404;8.33;11;22;Male;English;0;350;1;1
1405;NA;12;19;Female;English;0;351;-2;1
1406;NA;10;57;Female;English;0;351;-1;1
1407;NA;13;41;Female;English;0;351;0;1
1408;25.44;NA;30;Female;English;0;351;1;1
1409;7;12.5;54;Female;English;0;352;-2;1
1410;6.7;12.5;39;Female;English;0;352;-1;1
1411;NA;13;20;Female;English;0;352;0;1
1412;NA;6;72;Female;Other;0;352;1;1
1413;NA;17;77;Male;English;0;353;-2;1
1414;17.67;16;44;Female;English;0;353;-1;1
1415;10.08;13;26;Female;English;0;353;0;1
1416;18.24;16.5;26;Male;English;0;353;1;1
1417;19.56;20;46;Male;English;0;354;-2;1
1418;8;15;23;Female;English;0;354;-1;1
1419;5.22;15;33;Female;English;0;354;0;1
1420;NA;12;71;Female;NA;0;354;1;1
1421;25.44;10.6;35;Male;English;0;355;-2;1
1422;8.48;12.5;21;Male;English;0;355;-1;1
1423;14.88;12;35;Female;Other;0;355;0;1
1424;22.53;15;37;Male;English;0;355;1;1
1425;7;11;18;Female;English;0;356;-2;1
1426;9.54;8.5;38;Male;English;0;356;-1;1
1427;NA;14;53;Male;English;0;356;0;1
1428;NA;8;80;Male;English;0;356;1;1
1429;9.32;13;49;Female;English;0;357;-2;1
1430;26.82;12.5;36;Female;Other;0;357;-1;1
1431;23.68;13;39;Female;Other;0;357;0;1
1432;6.15;12.6;19;Female;English;0;357;1;1
1433;NA;12;38;Male;English;0;358;-2;1
1434;9.5;12;58;Female;English;0;358;-1;1
1435;11.97;14.1;27;Male;English;0;358;0;1
1436;15.89;13;42;Female;English;0;358;1;1
1437;23.04;20;33;Female;English;0;359;-2;1
1438;15.42;16;24;Female;English;0;359;-1;1
1439;14.63;12;35;Female;English;0;359;0;1
1440;NA;19;25;Male;English;0;359;1;1
1441;8.79;12.5;47;Male;Other;0;360;-2;1
1442;NA;15.2;32;Male;English;0;360;-1;1
1443;NA;3;64;Female;Other;0;360;0;1
1444;18.72;17;27;Male;English;0;360;1;1
1445;6.85;16.8;25;Female;English;0;361;-2;1
1446;7.78;14;33;Male;English;0;361;-1;1
1447;15.85;14.5;40;Female;English;0;361;0;1
1448;6.35;13;18;Male;English;0;361;1;1
1449;31.2;16;68;Female;English;0;362;-2;1
1450;NA;11;17;Female;English;0;362;-1;1
1451;NA;5.5;54;Male;English;0;362;0;1
1452;38.07;19;40;Male;English;0;362;1;1
1453;NA;10;31;Male;English;0;363;-2;1
1454;NA;12;73;Male;English;0;363;-1;1
1455;NA;15;69;Male;English;0;363;0;1
1456;20.98;NA;32;Male;English;0;363;1;1
1457;5.75;14.3;36;Female;English;0;364;-2;1
1458;NA;18;29;Male;English;0;364;-1;1
1459;12;8;57;Male;English;0;364;0;1
1460;NA;14;44;Male;Other;0;364;1;1
1461;NA;13;74;Female;English;0;365;-2;1
1462;15.74;17.6;25;Male;English;0;365;-1;1
1463;NA;8.5;51;Female;English;0;365;0;1
1464;12.91;9;54;Male;English;0;365;1;1
1465;15.36;12.5;26;Male;English;0;366;-2;1
1466;NA;13.5;67;Male;English;0;366;-1;1
1467;NA;14;53;Female;English;0;366;0;1
1468;25.44;11;41;Male;English;0;366;1;1
1469;9.24;15;21;Female;English;0;367;-2;1
1470;NA;3;80;Female;English;0;367;-1;1
1471;8.5;12;18;Male;French;0;367;0;1
1472;NA;11;61;Female;Other;0;367;1;1
1473;8.7;12;45;Female;English;0;368;-2;1
1474;16.32;15.1;38;Male;English;0;368;-1;1
1475;NA;13.9;21;Male;Other;0;368;0;1
1476;6.09;14;22;Male;French;0;368;1;1
1477;21.6;18;31;Female;English;0;369;-2;1
1478;17.5;11.5;25;Male;French;0;369;-1;1
1479;6.4;11.5;25;Female;English;0;369;0;1
1480;14.65;13.1;42;Female;English;0;369;1;1
1481;NA;8;81;Male;English;0;370;-2;1
1482;NA;17;36;Female;English;0;370;-1;1
1483;6.34;14;21;Female;English;0;370;0;1
1484;NA;7;51;Female;English;0;370;1;1
1485;40.56;15;45;Female;English;0;371;-2;1
1486;NA;8;69;Female;English;0;371;-1;1
1487;13.7;20;39;Female;French;0;371;0;1
1488;24;12;38;Female;English;0;371;1;1
1489;18.24;14.5;63;Male;English;0;372;-2;1
1490;13.25;14;45;Female;English;0;372;-1;1
1491;9.7;11;60;Female;English;0;372;0;1
1492;10.75;13.6;36;Female;Other;0;372;1;1
1493;2.3;12;44;Female;English;0;373;-2;1
1494;NA;11;27;Male;English;0;373;-1;1
1495;NA;8;70;Female;English;0;373;0;1
1496;24.36;12;45;Male;English;0;373;1;1
1497;NA;11.5;66;Female;French;0;374;-2;1
1498;14.88;16;45;Female;English;0;374;-1;1
1499;17.14;14;28;Male;English;0;374;0;1
1500;NA;10.5;20;Female;Other;0;374;1;1
1501;NA;16.5;63;Female;French;0;375;-2;1
1502;NA;9;61;Male;English;0;375;-1;1
1503;NA;9;86;Male;English;0;375;0;1
1504;NA;17;26;Female;English;0;375;1;1
1505;17.1;12;49;Female;English;0;376;-2;1
1506;NA;9;79;Female;NA;0;376;-1;1
1507;14.4;12;31;Female;English;0;376;0;1
1508;NA;11;57;Male;English;0;376;1;1
1509;7.56;14;40;Female;English;0;377;-2;1
1510;9.75;11;51;Male;French;0;377;-1;1
1511;18.46;19;50;Male;English;0;377;0;1
1512;NA;13;68;Male;English;0;377;1;1
1513;22.08;20;40;Female;English;0;378;-2;1
1514;8.33;13.3;22;Male;English;0;378;-1;1
1515;NA;15.5;50;Male;English;0;378;0;1
1516;26.93;14;57;Female;Other;0;378;1;1
1517;22.36;18.7;35;Male;English;0;379;-2;1
1518;NA;11;20;Female;English;0;379;-1;1
1519;19.2;19;30;Female;English;0;379;0;1
1520;21.68;13;56;Male;English;0;379;1;1
1521;NA;10;62;Male;Other;0;380;-2;1
1522;8.33;15;34;Male;English;0;380;-1;1
1523;22.27;20;38;Female;English;0;380;0;1
1524;29.9;14;45;Male;English;0;380;1;1
1525;NA;12;31;Male;English;0;381;-2;1
1526;23.81;17;35;Female;English;0;381;-1;1
1527;28.32;17;38;Male;French;0;381;0;1
1528;7.2;17;25;Male;Other;0;381;1;1
1529;10;12.3;21;Male;English;0;382;-2;1
1530;17.21;17;25;Male;English;0;382;-1;1
1531;7;NA;16;Male;NA;0;382;0;1
1532;12.48;12;36;Female;French;0;382;1;1
1533;NA;12;18;Male;English;0;383;-2;1
1534;18.24;17;35;Female;English;0;383;-1;1
1535;23.04;16;31;Female;English;0;383;0;1
1536;15.99;15.2;64;Male;English;0;383;1;1
1537;19.2;10;47;Male;English;0;384;-2;1
1538;NA;12.5;42;Female;French;0;384;-1;1
1539;NA;NA;66;Male;English;0;384;0;1
1540;11.88;12;33;Female;English;0;384;1;1
1541;11.92;14.5;22;Male;English;0;385;-2;1
1542;NA;15;37;Male;English;0;385;-1;1
1543;NA;8;52;Female;Other;0;385;0;1
1544;NA;7;76;Female;English;0;385;1;1
1545;NA;5;53;Female;Other;0;386;-2;1
1546;18;12;33;Male;English;0;386;-1;1
1547;31.74;17;49;Female;Other;0;386;0;1
1548;8.5;14.5;22;Male;English;0;386;1;1
1549;24;15;38;Female;English;0;387;-2;1
1550;11;17.3;22;Male;English;0;387;-1;1
1551;24.05;14;31;Male;English;0;387;0;1
1552;19.2;12;47;Male;English;0;387;1;1
1553;NA;10;70;Male;English;0;388;-2;1
1554;NA;NA;77;Female;NA;0;388;-1;1
1555;NA;8;82;Female;French;0;388;0;1
1556;NA;14;65;Male;English;0;388;1;1
1557;17.26;11.2;53;Male;English;0;389;-2;1
1558;NA;17;24;Male;English;0;389;-1;1
1559;44.78;11;39;Male;English;0;389;0;1
1560;14.02;9;48;Male;English;0;389;1;1
1561;NA;10;47;Female;English;0;390;-2;1
1562;8;15.6;54;Female;English;0;390;-1;1
1563;NA;8;87;Female;English;0;390;0;1
1564;12.86;14;32;Female;English;0;390;1;1
1565;NA;10;40;Female;French;0;391;-2;1
1566;13.8;11;42;Female;English;0;391;-1;1
1567;22.32;13.8;47;Male;English;0;391;0;1
1568;NA;8;75;Male;English;0;391;1;1
1569;8.75;10;40;Female;English;0;392;-2;1
1570;NA;6.5;68;Female;Other;0;392;-1;1
1571;NA;12;27;Female;Other;0;392;0;1
1572;6.25;NA;17;Male;NA;0;392;1;1
1573;8.89;12.5;46;Female;English;0;393;-2;1
1574;15.5;14;24;Female;English;0;393;-1;1
1575;NA;14;30;Female;English;0;393;0;1
1576;15.16;14.6;32;Female;English;0;393;1;1
1577;NA;10;17;Female;English;0;394;-2;1
1578;NA;12;64;Female;English;0;394;-1;1
1579;6.13;12.6;33;Female;English;0;394;0;1
1580;7;12;17;Female;English;0;394;1;1
1581;6.7;10;22;Female;English;0;395;-2;1
1582;8.5;9;54;Female;English;0;395;-1;1
1583;3.84;12;20;Male;English;0;395;0;1
1584;17;9;60;Male;English;0;395;1;1
1585;24;11;60;Male;English;0;396;-2;1
1586;15.57;12;52;Female;English;0;396;-1;1
1587;NA;15;28;Female;English;0;396;0;1
1588;13.48;9;39;Female;English;0;396;1;1
1589;NA;0;58;Male;Other;0;397;-2;1
1590;NA;12;72;Male;English;0;397;-1;1
1591;12.5;13.5;60;Female;French;0;397;0;1
1592;6.75;12.3;18;Female;English;0;397;1;1
1593;NA;8;63;Female;English;0;398;-2;1
1594;21.6;13;42;Male;English;0;398;-1;1
1595;NA;8;65;Male;NA;0;398;0;1
1596;NA;10;48;Female;English;0;398;1;1
1597;NA;8;41;Male;English;0;399;-2;1
1598;25.85;18;30;Male;English;0;399;-1;1
1599;NA;8;74;Male;English;0;399;0;1
1600;5.75;12;51;Male;Other;0;399;1;1
1601;NA;16.5;29;Female;English;0;400;-2;1
1602;6.63;12;19;Male;English;0;400;-1;1
1603;NA;10;92;Female;English;0;400;0;1
1604;NA;11;17;Female;English;0;400;1;1
1605;15;6;51;Male;Other;0;401;-2;1
1606;19.97;13;56;Female;English;0;401;-1;1
1607;13.7;15;39;Female;Other;0;401;0;1
1608;17.45;10;64;Male;English;0;401;1;1
1609;NA;9;50;Male;French;0;402;-2;1
1610;NA;11;52;Female;English;0;402;-1;1
1611;NA;14.9;38;Male;Other;0;402;0;1
1612;NA;12;18;Female;English;0;402;1;1
1613;NA;15;20;Female;Other;0;403;-2;1
1614;8.34;17;24;Female;English;0;403;-1;1
1615;8.41;11;58;Male;Other;0;403;0;1
1616;14;16.4;25;Female;English;0;403;1;1
1617;8.6;9;29;Male;Other;0;404;-2;1
1618;NA;11;66;Male;English;0;404;-1;1
1619;NA;8;73;Male;English;0;404;0;1
1620;NA;14;38;Female;English;0;404;1;1
1621;NA;10;65;Male;Other;0;405;-2;1
1622;11.18;0;64;Male;Other;0;405;-1;1
1623;NA;12;20;Male;English;0;405;0;1
1624;NA;6;69;Female;English;0;405;1;1
1625;NA;12.8;49;Female;English;0;406;-2;1
1626;14.4;13.2;42;Male;English;0;406;-1;1
1627;16;13.5;38;Male;English;0;406;0;1
1628;NA;9;16;Male;English;0;406;1;1
1629;NA;8;72;Male;English;0;407;-2;1
1630;20.64;13;32;Male;English;0;407;-1;1
1631;11.8;9;60;Female;English;0;407;0;1
1632;6.25;10;16;Female;English;0;407;1;1
1633;NA;15;20;Male;English;0;408;-2;1
1634;23.04;20;42;Male;English;0;408;-1;1
1635;11.9;12;36;Female;English;0;408;0;1
1636;NA;12;62;Female;English;0;408;1;1
1637;NA;20;77;Male;French;0;409;-2;1
1638;NA;11;48;Female;English;0;409;-1;1
1639;NA;15;49;Male;English;0;409;0;1
1640;NA;12;21;Male;French;0;409;1;1
1641;9.01;10;16;Male;English;0;410;-2;1
1642;NA;17;24;Male;English;0;410;-1;1
1643;47.36;16;44;Female;Other;0;410;0;1
1644;NA;4;71;Male;Other;0;410;1;1
1645;8;13.5;25;Male;English;0;411;-2;1
1646;NA;9;82;Female;Other;0;411;-1;1
1647;15.84;12;53;Male;English;0;411;0;1
1648;12.07;13;55;Female;English;0;411;1;1
1649;20;17;29;Male;Other;0;412;-2;1
1650;12.48;12.5;31;Female;French;0;412;-1;1
1651;7.93;12;30;Female;English;0;412;0;1
1652;NA;4;74;Female;Other;0;412;1;1
1653;NA;12;44;Male;English;0;413;-2;1
1654;30.24;17;51;Female;English;0;413;-1;1
1655;8.75;14.1;25;Male;English;0;413;0;1
1656;12.2;13;34;Male;English;0;413;1;1
1657;18.75;18;53;Female;English;0;414;-2;1
1658;NA;12;37;Male;English;0;414;-1;1
1659;NA;9;64;Male;English;0;414;0;1
1660;15.95;13;54;Male;English;0;414;1;1
1661;11;13.2;25;Male;English;0;415;-2;1
1662;13;17.5;41;Female;English;0;415;-1;1
1663;15.36;12;47;Female;English;0;415;0;1
1664;7.1;9;50;Female;French;0;415;1;1
1665;NA;8;69;Female;English;0;416;-2;1
1666;NA;13;68;Male;Other;0;416;-1;1
1667;10.84;11;36;Male;French;0;416;0;1
1668;15.36;12;36;Male;French;0;416;1;1
1669;21.39;16;38;Male;English;0;417;-2;1
1670;NA;8;63;Female;English;0;417;-1;1
1671;7.08;17;28;Female;English;0;417;0;1
1672;6.7;13.9;20;Female;English;0;417;1;1
1673;26.77;14;34;Male;English;0;418;-2;1
1674;NA;8;77;Female;Other;0;418;-1;1
1675;15;13;32;Female;English;0;418;0;1
1676;30;16;37;Male;English;0;418;1;1
1677;17.62;12;39;Male;French;0;419;-2;1
1678;10;9;46;Female;English;0;419;-1;1
1679;9.89;18;29;Female;Other;0;419;0;1
1680;31.64;NA;39;Male;French;0;419;1;1
1681;25;15;32;Female;Other;0;420;-2;1
1682;32.12;20;58;Male;English;0;420;-1;1
1683;25;13;30;Female;English;0;420;0;1
1684;7.36;12.5;36;Female;English;0;420;1;1
1685;8.75;11;17;Female;Other;0;421;-2;1
1686;NA;17;35;Female;English;0;421;-1;1
1687;15.23;10;45;Male;English;0;421;0;1
1688;NA;NA;75;Female;English;0;421;1;1
1689;NA;18.5;23;Male;English;0;422;-2;1
1690;NA;15.1;47;Male;English;0;422;-1;1
1691;18;12;47;Male;Other;0;422;0;1
1692;27.8;9;30;Female;English;0;422;1;1
1693;NA;NA;73;Female;English;0;423;-2;1
1694;17.95;15.5;24;Female;English;0;423;-1;1
1695;NA;10;71;Female;French;0;423;0;1
1696;40.05;20;50;Female;Other;0;423;1;1
1697;NA;10;16;Male;English;0;424;-2;1
1698;NA;11;17;Male;English;0;424;-1;1
1699;NA;2;70;Female;Other;0;424;0;1
1700;12.5;9.5;29;Male;English;0;424;1;1
1701;16.45;NA;44;Female;English;0;425;-2;1
1702;13.05;9;64;Female;French;0;425;-1;1
1703;17.85;13;44;Male;English;0;425;0;1
1704;NA;12;31;Female;English;0;425;1;1
1705;15;14;31;Male;English;0;426;-2;1
1706;NA;14.5;23;Female;English;0;426;-1;1
1707;10;13;34;Female;English;0;426;0;1
1708;11.29;13;31;Male;English;0;426;1;1
1709;NA;12;17;Male;English;0;427;-2;1
1710;NA;14.5;65;Female;English;0;427;-1;1
1711;7.54;12;38;Female;English;0;427;0;1
1712;NA;3;55;Female;English;0;427;1;1
1713;14.96;13;27;Male;English;0;428;-2;1
1714;10.26;10;32;Male;English;0;428;-1;1
1715;3.75;10;16;Male;English;0;428;0;1
1716;16.22;12;26;Male;English;0;428;1;1
1717;NA;11;51;Male;English;0;429;-2;1
1718;33.59;15.5;53;Female;English;0;429;-1;1
1719;11;14.8;36;Male;English;0;429;0;1
1720;NA;8;72;Male;Other;0;429;1;1
1721;NA;10;36;Male;English;0;430;-2;1
1722;NA;10;75;Female;English;0;430;-1;1
1723;20.3;12;32;Female;English;0;430;0;1
1724;NA;12;34;Female;English;0;430;1;1
1725;NA;3;65;Female;Other;0;431;-2;1
1726;15.75;20;34;Male;English;0;431;-1;1
1727;NA;11;71;Female;English;0;431;0;1
1728;13.59;13;42;Female;Other;0;431;1;1
1729;11.5;12;41;Male;English;0;432;-2;1
1730;NA;12;62;Female;English;0;432;-1;1
1731;9.35;17;24;Male;English;0;432;0;1
1732;8.12;12.1;16;Male;English;0;432;1;1
1733;4.96;16;21;Female;English;0;433;-2;1
1734;NA;8;64;Female;English;0;433;-1;1
1735;NA;9;50;Male;English;0;433;0;1
1736;NA;10.4;21;Female;English;0;433;1;1
1737;32.64;12;65;Male;English;0;434;-2;1
1738;28.73;15.5;36;Male;English;0;434;-1;1
1739;9.6;12;39;Female;Other;0;434;0;1
1740;16.51;13;27;Male;French;0;434;1;1
1741;NA;11;61;Male;English;0;435;-2;1
1742;24.07;19;29;Female;English;0;435;-1;1
1743;16.5;18;47;Male;English;0;435;0;1
1744;NA;9.5;50;Female;English;0;435;1;1
1745;14.71;9;54;Male;English;0;436;-2;1
1746;NA;16;66;Male;Other;0;436;-1;1
1747;NA;NA;16;Male;NA;0;436;0;1
1748;19;18.3;40;Male;Other;0;436;1;1
1749;NA;11.5;74;Female;English;0;437;-2;1
1750;NA;9;71;Male;Other;0;437;-1;1
1751;NA;13;40;Male;English;0;437;0;1
1752;7.5;15;31;Male;Other;0;437;1;1
1753;19.2;7;56;Male;English;0;438;-2;1
1754;NA;10;45;Male;Other;0;438;-1;1
1755;16;10;48;Male;English;0;438;0;1
1756;NA;13;51;Male;English;0;438;1;1
1757;16.22;10;47;Male;English;0;439;-2;1
1758;6.83;14.3;41;Male;English;0;439;-1;1
1759;3.64;13.5;33;Female;English;0;439;0;1
1760;19.2;12;30;Female;English;0;439;1;1
1761;NA;12.5;78;Female;French;0;440;-2;1
1762;NA;12;39;Female;English;0;440;-1;1
1763;NA;12;77;Female;English;0;440;0;1
1764;NA;NA;49;Female;English;0;440;1;1
1765;NA;12;21;Female;English;0;441;-2;1
1766;7.5;12.3;25;Female;Other;0;441;-1;1
1767;10.18;15.3;37;Female;English;0;441;0;1
1768;30;17;24;Female;English;0;441;1;1
1769;NA;12;36;Male;English;0;442;-2;1
1770;NA;8;36;Female;English;0;442;-1;1
1771;NA;12.4;32;Female;English;0;442;0;1
1772;NA;6;86;Female;French;0;442;1;1
1773;17.76;10;50;Male;English;0;443;-2;1
1774;6.58;12;23;Male;English;0;443;-1;1
1775;14.23;13;64;Female;Other;0;443;0;1
1776;10;20;30;Female;English;0;443;1;1
1777;7;17;34;Female;English;0;444;-2;1
1778;NA;8.1;21;Female;English;0;444;-1;1
1779;22.39;17.5;41;Female;English;0;444;0;1
1780;NA;9;78;Male;English;0;444;1;1
1781;4.29;13;42;Female;Other;0;445;-2;1
1782;46.15;11;18;Male;English;0;445;-1;1
1783;NA;10;39;Female;Other;0;445;0;1
1784;11.52;9;53;Female;Other;0;445;1;1
1785;6.85;8;49;Female;English;0;446;-2;1
1786;NA;13;30;Male;English;0;446;-1;1
1787;6.53;10;45;Female;English;0;446;0;1
1788;23.96;14;36;Male;English;0;446;1;1
1789;NA;13;51;Female;French;0;447;-2;1
1790;NA;11;19;Male;English;0;447;-1;1
1791;NA;10;69;Female;English;0;447;0;1
1792;NA;16;74;Female;English;0;447;1;1
1793;28.74;17.5;54;Male;Other;0;448;-2;1
1794;NA;14;68;Male;English;0;448;-1;1
1795;NA;NA;34;Female;NA;0;448;0;1
1796;NA;10;49;Male;English;0;448;1;1
1797;23.04;13.5;54;Male;English;0;449;-2;1
1798;16.81;12;61;Female;English;0;449;-1;1
1799;24;12;39;Male;English;0;449;0;1
1800;NA;8;74;Male;English;0;449;1;1
1801;19.55;14.1;27;Male;English;0;450;-2;1
1802;7.2;19;25;Female;English;0;450;-1;1
1803;8.55;11;38;Female;English;0;450;0;1
1804;NA;7;80;Female;Other;0;450;1;1
1805;19.39;15;26;Male;English;0;451;-2;1
1806;24.48;19;31;Male;English;0;451;-1;1
1807;17;10.5;31;Male;English;0;451;0;1
1808;NA;16;67;Male;English;0;451;1;1
1809;NA;10;69;Male;English;0;452;-2;1
1810;24;NA;30;Male;English;0;452;-1;1
1811;NA;13;49;Female;English;0;452;0;1
1812;NA;8;60;Male;French;0;452;1;1
1813;20.16;16;48;Male;English;0;453;-2;1
1814;NA;13;41;Male;English;0;453;-1;1
1815;NA;15;64;Male;Other;0;453;0;1
1816;18.56;13.1;36;Female;English;0;453;1;1
1817;12.81;15;35;Female;English;0;454;-2;1
1818;7.03;12;25;Male;English;0;454;-1;1
1819;NA;11;70;Female;NA;0;454;0;1
1820;25.8;12;54;Female;English;0;454;1;1
1821;26.11;16;43;Male;English;0;455;-2;1
1822;NA;14.5;32;Female;Other;0;455;-1;1
1823;NA;15;25;Male;French;0;455;0;1
1824;20.64;14;44;Female;English;0;455;1;1
1825;NA;8;74;Male;English;0;456;-2;1
1826;11.99;13.5;33;Male;English;0;456;-1;1
1827;7.4;12.9;19;Male;English;0;456;0;1
1828;31.71;12;42;Male;English;0;456;1;1
1829;NA;8;72;Female;English;0;457;-2;1
1830;NA;10;28;Female;English;0;457;-1;1
1831;11;10;36;Female;English;0;457;0;1
1832;22.4;15.1;35;Female;English;0;457;1;1
1833;6.75;16;22;Female;English;0;458;-2;1
1834;18.24;10;46;Female;English;0;458;-1;1
1835;7.47;9.4;24;Female;English;0;458;0;1
1836;12.39;9;37;Male;English;0;458;1;1
1837;33.59;17;46;Male;English;0;459;-2;1
1838;NA;9.3;22;Male;English;0;459;-1;1
1839;20.85;18;42;Female;English;0;459;0;1
1840;15.28;12;30;Female;English;0;459;1;1
1841;17.1;13;29;Male;English;0;460;-2;1
1842;11.68;8;60;Male;French;0;460;-1;1
1843;NA;12;74;Female;English;0;460;0;1
1844;7;13;26;Female;French;0;460;1;1
1845;NA;13;38;Male;English;0;461;-2;1
1846;NA;12;72;Female;English;0;461;-1;1
1847;5.69;10;38;Female;English;0;461;0;1
1848;NA;8;77;Female;Other;0;461;1;1
1849;22.54;15;36;Male;English;0;462;-2;1
1850;NA;5;68;Male;French;0;462;-1;1
1851;8.53;13;37;Female;English;0;462;0;1
1852;NA;8;67;Female;French;0;462;1;1
1853;NA;10;46;Male;English;0;463;-2;1
1854;NA;8;72;Male;English;0;463;-1;1
1855;14.13;19;46;Male;English;0;463;0;1
1856;16.32;14.5;45;Female;English;0;463;1;1
1857;NA;10;85;Female;Other;0;464;-2;1
1858;NA;12.5;57;Male;English;0;464;-1;1
1859;NA;8;51;Male;English;0;464;0;1
1860;12.29;17.5;28;Female;Other;0;464;1;1
1861;NA;12.5;29;Female;English;0;465;-2;1
1862;9.23;12;36;Female;English;0;465;-1;1
1863;15;17;51;Male;English;0;465;0;1
1864;19.61;13.9;31;Female;English;0;465;1;1
1865;27.79;18.1;35;Female;English;0;466;-2;1
1866;NA;20;75;Male;English;0;466;-1;1
1867;10.56;16;24;Male;English;0;466;0;1
1868;7;14.5;25;Female;Other;0;466;1;1
1869;10;14.5;23;Male;Other;0;467;-2;1
1870;6.63;12.5;47;Female;English;0;467;-1;1
1871;NA;10;19;Female;NA;0;467;0;1
1872;18.92;12;51;Male;English;0;467;1;1
1873;NA;8;59;Male;English;0;468;-2;1
1874;18.24;14.1;40;Female;English;0;468;-1;1
1875;NA;14;69;Female;English;0;468;0;1
1876;29.26;16;43;Male;English;1;468;1;1
1877;16.45;13;34;Female;English;0;469;-2;1
1878;11.49;12;50;Female;Other;0;469;-1;1
1879;6.7;15;21;Female;English;0;469;0;1
1880;13.25;12.5;37;Male;English;1;469;1;1
1881;NA;11;51;Female;English;0;470;-2;1
1882;NA;10;76;Male;English;0;470;-1;1
1883;NA;14.3;34;Female;English;0;470;0;1
1884;14.59;18.1;43;Female;English;1;470;1;1
1885;NA;8;25;Male;Other;0;471;-2;1
1886;NA;10;70;Female;English;0;471;-1;1
1887;15.36;13.5;34;Male;English;0;471;0;1
1888;16.4;13;55;Female;English;1;471;1;1
1889;12;13.5;41;Male;English;0;472;-2;1
1890;9.15;12;17;Female;English;0;472;-1;1
1891;NA;17;29;Female;English;0;472;0;1
1892;8.61;14.8;37;Female;English;1;472;1;1
1893;25.58;17.3;42;Female;Other;0;473;-2;1
1894;21.6;12;42;Male;English;0;473;-1;1
1895;13.06;9;22;Male;Other;0;473;0;1
1896;15;13;36;Male;English;1;473;1;1
1897;9;14;31;Female;English;0;474;-2;1
1898;NA;17;88;Female;English;0;474;-1;1
1899;NA;15;43;Female;English;1;474;0;1
1900;NA;13;71;Female;English;0;474;1;1
1901;NA;12;26;Female;English;0;475;-2;1
1902;12.8;14;42;Female;English;0;475;-1;1
1903;16;16;32;Female;English;1;475;0;1
1904;NA;12;26;Female;English;0;475;1;1
1905;NA;0;75;Male;French;0;476;-2;1
1906;NA;12.6;45;Female;English;0;476;-1;1
1907;18.03;15;31;Female;English;1;476;0;1
1908;NA;15.5;23;Female;English;0;476;1;1
1909;NA;15;70;Female;Other;0;477;-2;1
1910;NA;15;75;Male;English;0;477;-1;1
1911;12;17;19;Female;English;1;477;0;1
1912;NA;14.5;32;Female;English;0;477;1;1
1913;18.26;14;29;Male;English;0;478;-2;1
1914;NA;12;28;Male;English;0;478;-1;1
1915;15.84;20;29;Male;English;1;478;0;1
1916;NA;11;54;Female;English;0;478;1;1
1917;6.76;13;29;Female;Other;0;479;-2;1
1918;19.68;11;43;Male;English;0;479;-1;1
1919;24;16;54;Male;English;1;479;0;1
1920;7;12;31;Female;English;0;479;1;1
1921;3.63;13;19;Male;English;0;480;-2;1
1922;NA;14;27;Male;English;0;480;-1;1
1923;NA;12.2;22;Male;English;1;480;0;1
1924;NA;10;55;Female;Other;0;480;1;1
1925;27.65;18;54;Male;English;0;481;-2;1
1926;17.87;17;25;Female;English;0;481;-1;1
1927;27.93;12.2;37;Male;French;1;481;0;1
1928;14.35;10;34;Male;English;0;481;1;1
1929;NA;11.5;47;Female;English;0;482;-2;1
1930;NA;8;69;Male;English;0;482;-1;1
1931;NA;12;21;Male;English;1;482;0;1
1932;NA;7;66;Male;English;1;482;1;1
1933;17.84;8;46;Male;English;0;483;-2;1
1934;15;12;44;Male;English;0;483;-1;1
1935;NA;19;61;Male;English;1;483;0;1
1936;NA;11;67;Male;English;1;483;1;1
1937;NA;11.5;79;Female;French;0;484;-2;1
1938;21;10;40;Female;English;1;484;-1;1
1939;25;16;37;Male;English;0;484;0;1
1940;15.36;17.4;25;Female;English;0;484;1;1
1941;NA;8;81;Female;Other;0;485;-2;1
1942;NA;10.5;61;Female;Other;1;485;-1;1
1943;21.12;17;45;Female;English;0;485;0;1
1944;NA;15;66;Male;English;0;485;1;1
1945;13.44;16.6;39;Female;English;0;486;-2;1
1946;NA;6;76;Female;Other;1;486;-1;1
1947;20.31;14;37;Male;English;0;486;0;1
1948;NA;16.9;30;Female;English;0;486;1;1
1949;NA;10.5;65;Male;English;0;487;-2;1
1950;9.41;13.8;21;Female;English;1;487;-1;1
1951;NA;12;76;Female;English;0;487;0;1
1952;6.8;12;19;Female;English;0;487;1;1
1953;23.04;11;57;Female;English;0;488;-2;1
1954;9.21;10;17;Male;English;1;488;-1;1
1955;NA;13;43;Female;French;0;488;0;1
1956;13.63;13;25;Female;English;0;488;1;1
1957;24;16;44;Male;English;0;489;-2;1
1958;20.95;13;42;Male;English;1;489;-1;1
1959;NA;14;39;Male;French;0;489;0;1
1960;7.5;11.5;44;Female;Other;0;489;1;1
1961;NA;12.3;42;Female;English;0;490;-2;1
1962;17.34;12;37;Male;English;1;490;-1;1
1963;7.05;10;19;Female;English;0;490;0;1
1964;NA;12;65;Female;English;0;490;1;1
1965;21.3;10;31;Female;English;0;491;-2;1
1966;NA;8;47;Female;Other;1;491;-1;1
1967;15;12.5;34;Male;English;0;491;0;1
1968;NA;13.5;53;Male;French;0;491;1;1
1969;NA;13;19;Female;English;0;492;-2;1
1970;13.56;13;43;Female;French;1;492;-1;1
1971;NA;8.5;45;Female;English;0;492;0;1
1972;32.64;18;48;Male;English;0;492;1;1
1973;47.88;19;49;Male;French;0;493;-2;1
1974;30.38;14;33;Male;English;1;493;-1;1
1975;23;14;45;Male;English;0;493;0;1
1976;NA;20;61;Male;English;0;493;1;1
1977;6.7;12;17;Male;English;0;494;-2;1
1978;23.04;12;35;Female;English;1;494;-1;1
1979;NA;5;86;Male;Other;0;494;0;1
1980;13.82;10;53;Female;Other;0;494;1;1
1981;6.54;12;17;Male;English;0;495;-2;1
1982;12;12;28;Male;English;1;495;-1;1
1983;NA;11;54;Female;English;0;495;0;1
1984;16.7;19;59;Female;Other;1;495;1;1
1985;12.8;14.5;36;Female;Other;0;496;-2;1
1986;20;16;47;Male;English;1;496;-1;1
1987;9.03;16;29;Female;English;1;496;0;1
1988;NA;14;70;Female;English;0;496;1;1
1989;30.24;18;47;Male;English;0;497;-2;1
1990;16.73;12;40;Female;English;1;497;-1;1
1991;10;9;64;Male;English;1;497;0;1
1992;12.78;11.5;33;Male;English;0;497;1;1
1993;NA;NA;68;Male;English;0;498;-2;1
1994;21.31;20;26;Male;English;1;498;-1;1
1995;NA;14;34;Female;English;1;498;0;1
1996;45.36;15.7;24;Male;English;0;498;1;1
1997;20.07;16;43;Male;English;0;499;-2;1
1998;NA;15;28;Male;NA;1;499;-1;1
1999;8.39;17;24;Female;English;1;499;0;1
2000;NA;12;48;Female;English;0;499;1;1
2001;NA;14;22;Female;English;0;500;-2;1
2002;NA;14;27;Female;English;1;500;-1;1
2003;19.2;12;34;Male;English;1;500;0;1
2004;35.2;14;40;Female;English;0;500;1;1
2005;6.71;12;65;Female;English;0;501;-2;1
2006;21.6;12;47;Male;English;1;501;-1;1
2007;NA;19;62;Male;English;1;501;0;1
2008;NA;10;60;Female;French;0;501;1;1
2009;23.06;19;23;Female;English;0;502;-2;1
2010;14.84;10;49;Male;English;1;502;-1;1
2011;19.18;9;48;Male;English;1;502;0;1
2012;12.37;12.5;42;Female;English;1;502;1;1
2013;21.04;12;37;Female;English;0;503;-2;1
2014;NA;8;61;Female;English;1;503;-1;1
2015;6.75;11;61;Female;Other;1;503;0;1
2016;NA;10;16;Male;English;1;503;1;1
2017;10.98;12;26;Male;English;0;504;-2;1
2018;12;13.6;19;Female;English;1;504;-1;1
2019;10.7;15;28;Female;English;1;504;0;1
2020;17.67;15;36;Male;English;1;504;1;1
2021;9.99;15.5;23;Male;English;0;505;-2;1
2022;28.8;12.2;45;Male;French;1;505;-1;1
2023;14.38;16;27;Female;English;1;505;0;1
2024;NA;14;75;Male;English;1;505;1;1
2025;NA;18;61;Male;English;1;506;-2;1
2026;NA;15.6;20;Female;English;0;506;-1;1
2027;11.81;10;39;Male;English;0;506;0;1
2028;NA;12;69;Male;English;0;506;1;1
2029;NA;17;65;Male;English;1;507;-2;1
2030;6.5;12;19;Female;Other;0;507;-1;1
2031;NA;15.6;32;Male;Other;0;507;0;1
2032;22;10;47;Male;English;0;507;1;1
2033;17.42;18.1;25;Female;NA;1;508;-2;1
2034;11.61;13.4;40;Female;English;0;508;-1;1
2035;9.43;12;35;Male;English;0;508;0;1
2036;NA;12.5;66;Female;English;0;508;1;1
2037;19.9;17;41;Male;English;1;509;-2;1
2038;8.65;13.1;20;Male;English;0;509;-1;1
2039;NA;10;51;Female;English;0;509;0;1
2040;NA;11;65;Female;English;0;509;1;1
2041;NA;11;18;Female;English;1;510;-2;1
2042;NA;11;23;Female;English;0;510;-1;1
2043;NA;14;32;Female;English;0;510;0;1
2044;19.2;15.1;47;Male;English;0;510;1;1
2045;NA;11;77;Male;English;1;511;-2;1
2046;10.18;12;28;Female;Other;0;511;-1;1
2047;6.76;10;16;Female;English;0;511;0;1
2048;12.96;16.3;25;Female;English;0;511;1;1
2049;NA;NA;73;Female;English;1;512;-2;1
2050;NA;11;59;Female;English;0;512;-1;1
2051;NA;16;34;Female;English;0;512;0;1
2052;7.35;18;26;Female;English;0;512;1;1
2053;NA;3;50;Male;Other;1;513;-2;1
2054;40.96;17;52;Male;English;0;513;-1;1
2055;13.59;12.5;29;Female;English;0;513;0;1
2056;NA;12.5;42;Female;English;1;513;1;1
2057;NA;7;66;Male;English;1;514;-2;1
2058;NA;18.5;36;Female;English;0;514;-1;1
2059;NA;11;66;Male;Other;0;514;0;1
2060;NA;7;70;Female;Other;1;514;1;1
2061;NA;13;40;Female;English;1;515;-2;1
2062;NA;12.5;61;Male;English;0;515;-1;1
2063;9.54;12.5;33;Male;English;0;515;0;1
2064;14.49;10;46;Male;English;1;515;1;1
2065;28.8;17.1;49;Male;Other;1;516;-2;1
2066;10;11;17;Male;English;0;516;-1;1
2067;6.7;14;21;Male;English;1;516;0;1
2068;NA;12.5;74;Female;English;0;516;1;1
2069;NA;17;48;Female;English;1;517;-2;1
2070;26.96;13.5;47;Male;English;0;517;-1;1
2071;12.19;13;19;Male;English;1;517;0;1
2072;6.5;12;19;Female;English;0;517;1;1
2073;32.91;17;52;Female;English;1;518;-2;1
2074;15;14.1;22;Female;English;0;518;-1;1
2075;15;14;31;Female;English;1;518;0;1
2076;5.11;15.6;23;Female;English;0;518;1;1
2077;7;15;18;Female;Other;1;519;-2;1
2078;31.2;10;52;Male;English;0;519;-1;1
2079;23.04;18;38;Female;English;1;519;0;1
2080;NA;11.5;61;Female;English;1;519;1;1
2081;NA;9;66;Female;English;1;520;-2;1
2082;NA;NA;47;Female;French;1;520;-1;1
2083;6.78;13.8;18;Male;English;0;520;0;1
2084;15.36;15;52;Female;English;0;520;1;1
2085;NA;10;57;Female;English;1;521;-2;1
2086;NA;12.5;40;Male;Other;1;521;-1;1
2087;NA;15;33;Male;English;0;521;0;1
2088;NA;12.5;60;Female;French;0;521;1;1
2089;13.68;11;49;Female;English;1;522;-2;1
2090;17;13;35;Female;English;1;522;-1;1
2091;NA;10;59;Female;English;0;522;0;1
2092;NA;13;38;Female;English;0;522;1;1
2093;NA;16;34;Female;English;1;523;-2;1
2094;NA;8;47;Female;English;1;523;-1;1
2095;NA;14;31;Female;English;0;523;0;1
2096;NA;8;66;Female;English;0;523;1;1
2097;NA;10;50;Male;English;1;524;-2;1
2098;NA;16;31;Male;English;1;524;-1;1
2099;NA;16.3;39;Male;English;0;524;0;1
2100;25.92;14;53;Female;English;1;524;1;1
2101;NA;8;60;Female;French;1;525;-2;1
2102;6.85;11;17;Male;English;1;525;-1;1
2103;13.92;14;31;Male;English;0;525;0;1
2104;6.7;11;17;Female;English;1;525;1;1
2105;16.59;20;26;Female;Other;1;526;-2;1
2106;14.06;12.3;19;Female;English;1;526;-1;1
2107;NA;10;66;Male;English;1;526;0;1
2108;5.64;13.9;20;Male;English;0;526;1;1
2109;10.45;19.3;45;Female;Other;1;527;-2;1
2110;NA;12.5;35;Male;English;1;527;-1;1
2111;14.34;10.6;38;Male;French;1;527;0;1
2112;NA;NA;46;Male;French;0;527;1;1
2113;14.11;17;30;Female;English;1;528;-2;1
2114;16.96;0;42;Female;English;1;528;-1;1
2115;6.7;17;24;Female;English;1;528;0;1
2116;NA;10;61;Female;English;0;528;1;1
2117;7.39;15.5;20;Female;Other;1;529;-2;1
2118;NA;11;63;Male;English;1;529;-1;1
2119;10.85;15;32;Female;English;1;529;0;1
2120;3.31;9;34;Female;Other;0;529;1;1
2121;NA;10;16;Female;French;1;530;-2;1
2122;28.8;12;59;Male;English;1;530;-1;1
2123;NA;13;46;Male;English;1;530;0;1
2124;NA;10;17;Male;English;1;530;1;1
2125;NA;13;66;Female;English;1;531;-2;1
2126;NA;11;16;Male;English;1;531;-1;1
2127;NA;8;64;Male;English;1;531;0;1
2128;NA;3;72;Female;Other;1;531;1;1
2129;NA;12;49;Male;Other;1;532;-2;1
2130;13.96;13.5;27;Male;English;1;532;-1;1
2131;10;14;26;Male;English;1;532;0;1
2132;21.5;16;49;Female;English;1;532;1;1
2133;NA;11;29;Female;English;1;533;-2;1
2134;NA;15;25;Female;English;1;533;-1;1
2135;12.81;12;54;Female;English;1;533;0;1
2136;19.2;13;39;Female;English;1;533;1;1
2137;NA;11.5;33;Female;English;1;534;-2;1
2138;NA;15;60;Male;English;1;534;-1;1
2139;17.76;15;27;Male;English;1;534;0;1
2140;14.4;9;55;Female;English;1;534;1;1
2141;NA;9;70;Male;French;1;535;-2;1
2142;40;14;38;Female;English;1;535;-1;1
2143;NA;NA;84;Male;English;1;535;0;1
2144;10.87;8;51;Female;English;1;535;1;1
2145;NA;12;64;Female;English;1;536;-2;1
2146;NA;17;75;Female;English;1;536;-1;1
2147;6.7;12;17;Male;English;1;536;0;1
2148;NA;8;77;Male;English;1;536;1;1
